Sequence_ID,Predicted_Taxonomy,Novelty_Score,Status,Nearest_Neighbor_Taxonomy,Nearest_Neighbor_Dist
contig_10140_1_1969_+,AF250064.1.1828 Eukaryota;Amorphea;Obazoa;Opisthokonta;Holozoa;Choanozoa;Metazoa;Animalia;BCP clade;Bilateria;Protostomia;Ecdysozoa;Arthropoda;Hexapoda;Insecta;Pterygota;Neoptera;Coleoptera;Attelabus analis,0.15,POTENTIALLY NOVEL,KP864096.1.1850 Eukaryota;Amorphea;Amoebozoa;Incertae Sedis;Dictyamoeba;Dictyamoeba vorax,0.1486
contig_102210_1128_1875_+,LC186961.1.1755 Eukaryota;Amorphea;Obazoa;Opisthokonta;Holozoa;Choanozoa;Metazoa;Animalia;BCP clade;Bilateria;Protostomia;Lophotrochozoa;Mollusca;Bivalvia;Protobranchia;Solemyoida;Acharax sp. AJO1-1,0.1522,POTENTIALLY NOVEL,KP864096.1.1850 Eukaryota;Amorphea;Amoebozoa;Incertae Sedis;Dictyamoeba;Dictyamoeba vorax,0.1503
contig_107306_1_757_+,KJ925529.1.1677 Eukaryota;Cryptophyceae;Kathablepharidae;uncultured eukaryote,0.1662,POTENTIALLY NOVEL,KP864096.1.1850 Eukaryota;Amorphea;Amoebozoa;Incertae Sedis;Dictyamoeba;Dictyamoeba vorax,0.1633
contig_10802_32_2070_+,AF250064.1.1828 Eukaryota;Amorphea;Obazoa;Opisthokonta;Holozoa;Choanozoa;Metazoa;Animalia;BCP clade;Bilateria;Protostomia;Ecdysozoa;Arthropoda;Hexapoda;Insecta;Pterygota;Neoptera;Coleoptera;Attelabus analis,0.1642,POTENTIALLY NOVEL,KP864096.1.1850 Eukaryota;Amorphea;Amoebozoa;Incertae Sedis;Dictyamoeba;Dictyamoeba vorax,0.1627
contig_108252_4057_5004_+,KJ925529.1.1677 Eukaryota;Cryptophyceae;Kathablepharidae;uncultured eukaryote,0.1787,POTENTIALLY NOVEL,KP864096.1.1850 Eukaryota;Amorphea;Amoebozoa;Incertae Sedis;Dictyamoeba;Dictyamoeba vorax,0.1733
contig_109480_304_945_-,AF250064.1.1828 Eukaryota;Amorphea;Obazoa;Opisthokonta;Holozoa;Choanozoa;Metazoa;Animalia;BCP clade;Bilateria;Protostomia;Ecdysozoa;Arthropoda;Hexapoda;Insecta;Pterygota;Neoptera;Coleoptera;Attelabus analis,0.1564,POTENTIALLY NOVEL,MH899067.1.1633 Eukaryota;Amorphea;Obazoa;Opisthokonta;Holozoa;Choanozoa;Metazoa;Animalia;BCP clade;Bilateria;Protostomia;Ecdysozoa;Arthropoda;Hexapoda;Insecta;Pterygota;Neoptera;Tumeochrysa sp. Tumeo,0.155
contig_109744_27_1088_+,KJ925529.1.1677 Eukaryota;Cryptophyceae;Kathablepharidae;uncultured eukaryote,0.1521,POTENTIALLY NOVEL,MH899067.1.1633 Eukaryota;Amorphea;Obazoa;Opisthokonta;Holozoa;Choanozoa;Metazoa;Animalia;BCP clade;Bilateria;Protostomia;Ecdysozoa;Arthropoda;Hexapoda;Insecta;Pterygota;Neoptera;Tumeochrysa sp. Tumeo,0.1498
contig_10979_247_957_-,KJ925529.1.1677 Eukaryota;Cryptophyceae;Kathablepharidae;uncultured eukaryote,0.1602,POTENTIALLY NOVEL,KP864096.1.1850 Eukaryota;Amorphea;Amoebozoa;Incertae Sedis;Dictyamoeba;Dictyamoeba vorax,0.1565
contig_110615_1_809_+,JN568810.1.1905 Eukaryota;Amorphea;Amoebozoa;Discosea;Flabellinia;Vannellida;Vannella;Vannella planctonica,0.1821,POTENTIALLY NOVEL,AY325025.1.1932 Eukaryota;Amorphea;Obazoa;Opisthokonta;Holozoa;Choanozoa;Metazoa;Animalia;BCP clade;Bilateria;Protostomia;Ecdysozoa;Arthropoda;Hexapoda;Insecta;Pterygota;Neoptera;Diptera;Obelophorus landbecki,0.1776
contig_111903_1_1239_+,KJ925529.1.1677 Eukaryota;Cryptophyceae;Kathablepharidae;uncultured eukaryote,0.151,POTENTIALLY NOVEL,KP864096.1.1850 Eukaryota;Amorphea;Amoebozoa;Incertae Sedis;Dictyamoeba;Dictyamoeba vorax,0.1475
contig_11218_1_576_+,KJ925529.1.1677 Eukaryota;Cryptophyceae;Kathablepharidae;uncultured eukaryote,0.1611,POTENTIALLY NOVEL,KP864096.1.1850 Eukaryota;Amorphea;Amoebozoa;Incertae Sedis;Dictyamoeba;Dictyamoeba vorax,0.1581
contig_11369_57_815_+,KJ925529.1.1677 Eukaryota;Cryptophyceae;Kathablepharidae;uncultured eukaryote,0.1591,POTENTIALLY NOVEL,KP864096.1.1850 Eukaryota;Amorphea;Amoebozoa;Incertae Sedis;Dictyamoeba;Dictyamoeba vorax,0.1558
contig_114227_177_959_-,KJ925529.1.1677 Eukaryota;Cryptophyceae;Kathablepharidae;uncultured eukaryote,0.159,POTENTIALLY NOVEL,MH899067.1.1633 Eukaryota;Amorphea;Obazoa;Opisthokonta;Holozoa;Choanozoa;Metazoa;Animalia;BCP clade;Bilateria;Protostomia;Ecdysozoa;Arthropoda;Hexapoda;Insecta;Pterygota;Neoptera;Tumeochrysa sp. Tumeo,0.1553
contig_115385_1_1016_+,AF250064.1.1828 Eukaryota;Amorphea;Obazoa;Opisthokonta;Holozoa;Choanozoa;Metazoa;Animalia;BCP clade;Bilateria;Protostomia;Ecdysozoa;Arthropoda;Hexapoda;Insecta;Pterygota;Neoptera;Coleoptera;Attelabus analis,0.1562,POTENTIALLY NOVEL,MH017637.1.1587 Eukaryota;SAR;Stramenopiles;Ochrophyta;Diatomea;Bacillariophytina;Bacillariophyceae;Diploneis;Diploneis sp.,0.1554
contig_116235_84_971_-,KJ925529.1.1677 Eukaryota;Cryptophyceae;Kathablepharidae;uncultured eukaryote,0.1618,POTENTIALLY NOVEL,KP864096.1.1850 Eukaryota;Amorphea;Amoebozoa;Incertae Sedis;Dictyamoeba;Dictyamoeba vorax,0.1585
contig_117812_88_771_+,JN568810.1.1905 Eukaryota;Amorphea;Amoebozoa;Discosea;Flabellinia;Vannellida;Vannella;Vannella planctonica,0.1744,POTENTIALLY NOVEL,AY325025.1.1932 Eukaryota;Amorphea;Obazoa;Opisthokonta;Holozoa;Choanozoa;Metazoa;Animalia;BCP clade;Bilateria;Protostomia;Ecdysozoa;Arthropoda;Hexapoda;Insecta;Pterygota;Neoptera;Diptera;Obelophorus landbecki,0.1694
contig_117838_1_797_-,KJ925529.1.1677 Eukaryota;Cryptophyceae;Kathablepharidae;uncultured eukaryote,0.151,POTENTIALLY NOVEL,KP864096.1.1850 Eukaryota;Amorphea;Amoebozoa;Incertae Sedis;Dictyamoeba;Dictyamoeba vorax,0.1485
contig_120849_1_550_-,JPSE01001200.13.1835 Eukaryota;SAR;Alveolata;Apicomplexa;Aconoidasida;Haemosporoidia;Plasmodium;Plasmodium falciparum 365.1,0.2376,POTENTIALLY NOVEL,JPSE01001200.13.1835 Eukaryota;SAR;Alveolata;Apicomplexa;Aconoidasida;Haemosporoidia;Plasmodium;Plasmodium falciparum 365.1,0.2339
contig_133447_272_976_-,AF250064.1.1828 Eukaryota;Amorphea;Obazoa;Opisthokonta;Holozoa;Choanozoa;Metazoa;Animalia;BCP clade;Bilateria;Protostomia;Ecdysozoa;Arthropoda;Hexapoda;Insecta;Pterygota;Neoptera;Coleoptera;Attelabus analis,0.1561,POTENTIALLY NOVEL,KP864096.1.1850 Eukaryota;Amorphea;Amoebozoa;Incertae Sedis;Dictyamoeba;Dictyamoeba vorax,0.1552
contig_134861_579_1163_-,KJ925529.1.1677 Eukaryota;Cryptophyceae;Kathablepharidae;uncultured eukaryote,0.1582,POTENTIALLY NOVEL,KP864096.1.1850 Eukaryota;Amorphea;Amoebozoa;Incertae Sedis;Dictyamoeba;Dictyamoeba vorax,0.1544
contig_135255_127_624_-,KJ925529.1.1677 Eukaryota;Cryptophyceae;Kathablepharidae;uncultured eukaryote,0.1774,POTENTIALLY NOVEL,MH899067.1.1633 Eukaryota;Amorphea;Obazoa;Opisthokonta;Holozoa;Choanozoa;Metazoa;Animalia;BCP clade;Bilateria;Protostomia;Ecdysozoa;Arthropoda;Hexapoda;Insecta;Pterygota;Neoptera;Tumeochrysa sp. Tumeo,0.1751
contig_135510_314_1683_-,KJ925529.1.1677 Eukaryota;Cryptophyceae;Kathablepharidae;uncultured eukaryote,0.1813,POTENTIALLY NOVEL,KP864096.1.1850 Eukaryota;Amorphea;Amoebozoa;Incertae Sedis;Dictyamoeba;Dictyamoeba vorax,0.1792
contig_136548_257_955_-,KJ925529.1.1677 Eukaryota;Cryptophyceae;Kathablepharidae;uncultured eukaryote,0.1553,POTENTIALLY NOVEL,KP864096.1.1850 Eukaryota;Amorphea;Amoebozoa;Incertae Sedis;Dictyamoeba;Dictyamoeba vorax,0.1526
contig_139510_67_951_+,KJ925529.1.1677 Eukaryota;Cryptophyceae;Kathablepharidae;uncultured eukaryote,0.1501,POTENTIALLY NOVEL,KP864096.1.1850 Eukaryota;Amorphea;Amoebozoa;Incertae Sedis;Dictyamoeba;Dictyamoeba vorax,0.1467
contig_142146_1_807_+,KU872604.1.1670 Eukaryota;Amorphea;Obazoa;Opisthokonta;Holozoa;Choanozoa;Metazoa;Animalia;BCP clade;Bilateria;Protostomia;Lophotrochozoa;Platyhelminthes;Rhabditophora;Seriata;Tricladida;Continenticola;Microplana sp. 2 MAP-2016,0.1752,POTENTIALLY NOVEL,AY325025.1.1932 Eukaryota;Amorphea;Obazoa;Opisthokonta;Holozoa;Choanozoa;Metazoa;Animalia;BCP clade;Bilateria;Protostomia;Ecdysozoa;Arthropoda;Hexapoda;Insecta;Pterygota;Neoptera;Diptera;Obelophorus landbecki,0.1711
contig_144591_44_337_+,KJ925529.1.1677 Eukaryota;Cryptophyceae;Kathablepharidae;uncultured eukaryote,0.1563,POTENTIALLY NOVEL,KP864096.1.1850 Eukaryota;Amorphea;Amoebozoa;Incertae Sedis;Dictyamoeba;Dictyamoeba vorax,0.1525
contig_145934_1_578_+,AF250064.1.1828 Eukaryota;Amorphea;Obazoa;Opisthokonta;Holozoa;Choanozoa;Metazoa;Animalia;BCP clade;Bilateria;Protostomia;Ecdysozoa;Arthropoda;Hexapoda;Insecta;Pterygota;Neoptera;Coleoptera;Attelabus analis,0.1569,POTENTIALLY NOVEL,KP864096.1.1850 Eukaryota;Amorphea;Amoebozoa;Incertae Sedis;Dictyamoeba;Dictyamoeba vorax,0.1541
contig_145963_1_235_+,KJ925529.1.1677 Eukaryota;Cryptophyceae;Kathablepharidae;uncultured eukaryote,0.1509,POTENTIALLY NOVEL,KP864096.1.1850 Eukaryota;Amorphea;Amoebozoa;Incertae Sedis;Dictyamoeba;Dictyamoeba vorax,0.1483
contig_147495_120_947_+,KJ925529.1.1677 Eukaryota;Cryptophyceae;Kathablepharidae;uncultured eukaryote,0.1594,POTENTIALLY NOVEL,MH899067.1.1633 Eukaryota;Amorphea;Obazoa;Opisthokonta;Holozoa;Choanozoa;Metazoa;Animalia;BCP clade;Bilateria;Protostomia;Ecdysozoa;Arthropoda;Hexapoda;Insecta;Pterygota;Neoptera;Tumeochrysa sp. Tumeo,0.1565
contig_150396_1_711_+,KJ925529.1.1677 Eukaryota;Cryptophyceae;Kathablepharidae;uncultured eukaryote,0.1596,POTENTIALLY NOVEL,KP864096.1.1850 Eukaryota;Amorphea;Amoebozoa;Incertae Sedis;Dictyamoeba;Dictyamoeba vorax,0.1562
contig_152863_61_539_-,KJ925529.1.1677 Eukaryota;Cryptophyceae;Kathablepharidae;uncultured eukaryote,0.1516,POTENTIALLY NOVEL,KP864096.1.1850 Eukaryota;Amorphea;Amoebozoa;Incertae Sedis;Dictyamoeba;Dictyamoeba vorax,0.1484
contig_154360_217_521_-,JN568810.1.1905 Eukaryota;Amorphea;Amoebozoa;Discosea;Flabellinia;Vannellida;Vannella;Vannella planctonica,0.1817,POTENTIALLY NOVEL,AY325025.1.1932 Eukaryota;Amorphea;Obazoa;Opisthokonta;Holozoa;Choanozoa;Metazoa;Animalia;BCP clade;Bilateria;Protostomia;Ecdysozoa;Arthropoda;Hexapoda;Insecta;Pterygota;Neoptera;Diptera;Obelophorus landbecki,0.1774
contig_1545_981_1994_-,AY382464.1.1451 Eukaryota;Amorphea;Obazoa;Opisthokonta;Nucletmycea;Fungi;Dikarya;Ascomycota;Pezizomycotina;Sordariomycetes;Incertae Sedis;uncultured fungus,0.1543,POTENTIALLY NOVEL,KP864096.1.1850 Eukaryota;Amorphea;Amoebozoa;Incertae Sedis;Dictyamoeba;Dictyamoeba vorax,0.1519
contig_155909_301_795_-,KJ925529.1.1677 Eukaryota;Cryptophyceae;Kathablepharidae;uncultured eukaryote,0.168,POTENTIALLY NOVEL,KP864096.1.1850 Eukaryota;Amorphea;Amoebozoa;Incertae Sedis;Dictyamoeba;Dictyamoeba vorax,0.1641
contig_156261_1987_3572_-,KJ925529.1.1677 Eukaryota;Cryptophyceae;Kathablepharidae;uncultured eukaryote,0.1556,POTENTIALLY NOVEL,KP864096.1.1850 Eukaryota;Amorphea;Amoebozoa;Incertae Sedis;Dictyamoeba;Dictyamoeba vorax,0.1518
contig_156342_1_1181_+,KJ925529.1.1677 Eukaryota;Cryptophyceae;Kathablepharidae;uncultured eukaryote,0.1513,POTENTIALLY NOVEL,KP864096.1.1850 Eukaryota;Amorphea;Amoebozoa;Incertae Sedis;Dictyamoeba;Dictyamoeba vorax,0.1489
contig_156394_983_2847_+,AY382464.1.1451 Eukaryota;Amorphea;Obazoa;Opisthokonta;Nucletmycea;Fungi;Dikarya;Ascomycota;Pezizomycotina;Sordariomycetes;Incertae Sedis;uncultured fungus,0.1588,POTENTIALLY NOVEL,KP864096.1.1850 Eukaryota;Amorphea;Amoebozoa;Incertae Sedis;Dictyamoeba;Dictyamoeba vorax,0.156
contig_157009_1545_2075_-,KJ925529.1.1677 Eukaryota;Cryptophyceae;Kathablepharidae;uncultured eukaryote,0.1715,POTENTIALLY NOVEL,KP864096.1.1850 Eukaryota;Amorphea;Amoebozoa;Incertae Sedis;Dictyamoeba;Dictyamoeba vorax,0.168
contig_157797_414_974_-,KJ925529.1.1677 Eukaryota;Cryptophyceae;Kathablepharidae;uncultured eukaryote,0.1532,POTENTIALLY NOVEL,KP864096.1.1850 Eukaryota;Amorphea;Amoebozoa;Incertae Sedis;Dictyamoeba;Dictyamoeba vorax,0.1503
contig_158410_51_1132_+,KJ925529.1.1677 Eukaryota;Cryptophyceae;Kathablepharidae;uncultured eukaryote,0.1543,POTENTIALLY NOVEL,KP864096.1.1850 Eukaryota;Amorphea;Amoebozoa;Incertae Sedis;Dictyamoeba;Dictyamoeba vorax,0.1511
contig_158466_229_2359_+,KJ925529.1.1677 Eukaryota;Cryptophyceae;Kathablepharidae;uncultured eukaryote,0.1502,POTENTIALLY NOVEL,KP864096.1.1850 Eukaryota;Amorphea;Amoebozoa;Incertae Sedis;Dictyamoeba;Dictyamoeba vorax,0.1478
contig_158785_2929_6981_-,KJ925529.1.1677 Eukaryota;Cryptophyceae;Kathablepharidae;uncultured eukaryote,0.1559,POTENTIALLY NOVEL,KP864096.1.1850 Eukaryota;Amorphea;Amoebozoa;Incertae Sedis;Dictyamoeba;Dictyamoeba vorax,0.153
contig_159019_1242_4056_+,LC186961.1.1755 Eukaryota;Amorphea;Obazoa;Opisthokonta;Holozoa;Choanozoa;Metazoa;Animalia;BCP clade;Bilateria;Protostomia;Lophotrochozoa;Mollusca;Bivalvia;Protobranchia;Solemyoida;Acharax sp. AJO1-1,0.1503,POTENTIALLY NOVEL,AY382464.1.1451 Eukaryota;Amorphea;Obazoa;Opisthokonta;Nucletmycea;Fungi;Dikarya;Ascomycota;Pezizomycotina;Sordariomycetes;Incertae Sedis;uncultured fungus,0.1492
contig_159771_63_1447_+,KJ925529.1.1677 Eukaryota;Cryptophyceae;Kathablepharidae;uncultured eukaryote,0.1717,POTENTIALLY NOVEL,MH899067.1.1633 Eukaryota;Amorphea;Obazoa;Opisthokonta;Holozoa;Choanozoa;Metazoa;Animalia;BCP clade;Bilateria;Protostomia;Ecdysozoa;Arthropoda;Hexapoda;Insecta;Pterygota;Neoptera;Tumeochrysa sp. Tumeo,0.1677
contig_159875_2721_3952_-,KJ925529.1.1677 Eukaryota;Cryptophyceae;Kathablepharidae;uncultured eukaryote,0.1542,POTENTIALLY NOVEL,KP864096.1.1850 Eukaryota;Amorphea;Amoebozoa;Incertae Sedis;Dictyamoeba;Dictyamoeba vorax,0.1519
contig_160504_1394_1915_-,LC186961.1.1755 Eukaryota;Amorphea;Obazoa;Opisthokonta;Holozoa;Choanozoa;Metazoa;Animalia;BCP clade;Bilateria;Protostomia;Lophotrochozoa;Mollusca;Bivalvia;Protobranchia;Solemyoida;Acharax sp. AJO1-1,0.1541,POTENTIALLY NOVEL,MH017637.1.1587 Eukaryota;SAR;Stramenopiles;Ochrophyta;Diatomea;Bacillariophytina;Bacillariophyceae;Diploneis;Diploneis sp.,0.1523
contig_160878_1111_2485_+,KJ925529.1.1677 Eukaryota;Cryptophyceae;Kathablepharidae;uncultured eukaryote,0.1809,POTENTIALLY NOVEL,KP864096.1.1850 Eukaryota;Amorphea;Amoebozoa;Incertae Sedis;Dictyamoeba;Dictyamoeba vorax,0.1769
contig_161357_1904_3703_-,KJ925529.1.1677 Eukaryota;Cryptophyceae;Kathablepharidae;uncultured eukaryote,0.1589,POTENTIALLY NOVEL,KP864096.1.1850 Eukaryota;Amorphea;Amoebozoa;Incertae Sedis;Dictyamoeba;Dictyamoeba vorax,0.1553
contig_16193_176_547_-,KJ925529.1.1677 Eukaryota;Cryptophyceae;Kathablepharidae;uncultured eukaryote,0.1612,POTENTIALLY NOVEL,KP864096.1.1850 Eukaryota;Amorphea;Amoebozoa;Incertae Sedis;Dictyamoeba;Dictyamoeba vorax,0.1589
contig_162034_198_905_+,KJ925529.1.1677 Eukaryota;Cryptophyceae;Kathablepharidae;uncultured eukaryote,0.1565,POTENTIALLY NOVEL,KP864096.1.1850 Eukaryota;Amorphea;Amoebozoa;Incertae Sedis;Dictyamoeba;Dictyamoeba vorax,0.1525
contig_16213_286_856_-,KJ925529.1.1677 Eukaryota;Cryptophyceae;Kathablepharidae;uncultured eukaryote,0.1676,POTENTIALLY NOVEL,KP864096.1.1850 Eukaryota;Amorphea;Amoebozoa;Incertae Sedis;Dictyamoeba;Dictyamoeba vorax,0.1636
contig_162189_419_1857_-,AY382464.1.1451 Eukaryota;Amorphea;Obazoa;Opisthokonta;Nucletmycea;Fungi;Dikarya;Ascomycota;Pezizomycotina;Sordariomycetes;Incertae Sedis;uncultured fungus,0.1541,POTENTIALLY NOVEL,KP864096.1.1850 Eukaryota;Amorphea;Amoebozoa;Incertae Sedis;Dictyamoeba;Dictyamoeba vorax,0.1518
contig_162376_1_861_+,KJ925529.1.1677 Eukaryota;Cryptophyceae;Kathablepharidae;uncultured eukaryote,0.1609,POTENTIALLY NOVEL,KP864096.1.1850 Eukaryota;Amorphea;Amoebozoa;Incertae Sedis;Dictyamoeba;Dictyamoeba vorax,0.1567
contig_162490_352_744_+,AF250064.1.1828 Eukaryota;Amorphea;Obazoa;Opisthokonta;Holozoa;Choanozoa;Metazoa;Animalia;BCP clade;Bilateria;Protostomia;Ecdysozoa;Arthropoda;Hexapoda;Insecta;Pterygota;Neoptera;Coleoptera;Attelabus analis,0.1511,POTENTIALLY NOVEL,KP864096.1.1850 Eukaryota;Amorphea;Amoebozoa;Incertae Sedis;Dictyamoeba;Dictyamoeba vorax,0.1491
contig_162943_1126_1761_+,KJ925529.1.1677 Eukaryota;Cryptophyceae;Kathablepharidae;uncultured eukaryote,0.1519,POTENTIALLY NOVEL,KP864096.1.1850 Eukaryota;Amorphea;Amoebozoa;Incertae Sedis;Dictyamoeba;Dictyamoeba vorax,0.1496
contig_164172_42_1414_+,JN568810.1.1905 Eukaryota;Amorphea;Amoebozoa;Discosea;Flabellinia;Vannellida;Vannella;Vannella planctonica,0.1841,POTENTIALLY NOVEL,AY325025.1.1932 Eukaryota;Amorphea;Obazoa;Opisthokonta;Holozoa;Choanozoa;Metazoa;Animalia;BCP clade;Bilateria;Protostomia;Ecdysozoa;Arthropoda;Hexapoda;Insecta;Pterygota;Neoptera;Diptera;Obelophorus landbecki,0.1789
contig_164578_120_869_+,AF250064.1.1828 Eukaryota;Amorphea;Obazoa;Opisthokonta;Holozoa;Choanozoa;Metazoa;Animalia;BCP clade;Bilateria;Protostomia;Ecdysozoa;Arthropoda;Hexapoda;Insecta;Pterygota;Neoptera;Coleoptera;Attelabus analis,0.1501,POTENTIALLY NOVEL,KP864096.1.1850 Eukaryota;Amorphea;Amoebozoa;Incertae Sedis;Dictyamoeba;Dictyamoeba vorax,0.1494
contig_165729_337_686_-,KJ925529.1.1677 Eukaryota;Cryptophyceae;Kathablepharidae;uncultured eukaryote,0.1535,POTENTIALLY NOVEL,MH899067.1.1633 Eukaryota;Amorphea;Obazoa;Opisthokonta;Holozoa;Choanozoa;Metazoa;Animalia;BCP clade;Bilateria;Protostomia;Ecdysozoa;Arthropoda;Hexapoda;Insecta;Pterygota;Neoptera;Tumeochrysa sp. Tumeo,0.1509
contig_165749_1_977_-,KJ925529.1.1677 Eukaryota;Cryptophyceae;Kathablepharidae;uncultured eukaryote,0.1584,POTENTIALLY NOVEL,KP864096.1.1850 Eukaryota;Amorphea;Amoebozoa;Incertae Sedis;Dictyamoeba;Dictyamoeba vorax,0.1558
contig_166203_914_1370_-,KJ925529.1.1677 Eukaryota;Cryptophyceae;Kathablepharidae;uncultured eukaryote,0.1532,POTENTIALLY NOVEL,KP864096.1.1850 Eukaryota;Amorphea;Amoebozoa;Incertae Sedis;Dictyamoeba;Dictyamoeba vorax,0.1514
contig_166579_687_983_-,KJ925529.1.1677 Eukaryota;Cryptophyceae;Kathablepharidae;uncultured eukaryote,0.1521,POTENTIALLY NOVEL,KP864096.1.1850 Eukaryota;Amorphea;Amoebozoa;Incertae Sedis;Dictyamoeba;Dictyamoeba vorax,0.15
contig_166590_367_1550_-,KJ925529.1.1677 Eukaryota;Cryptophyceae;Kathablepharidae;uncultured eukaryote,0.1805,POTENTIALLY NOVEL,KP864096.1.1850 Eukaryota;Amorphea;Amoebozoa;Incertae Sedis;Dictyamoeba;Dictyamoeba vorax,0.178
contig_166942_1041_1865_+,KJ925529.1.1677 Eukaryota;Cryptophyceae;Kathablepharidae;uncultured eukaryote,0.158,POTENTIALLY NOVEL,MH899067.1.1633 Eukaryota;Amorphea;Obazoa;Opisthokonta;Holozoa;Choanozoa;Metazoa;Animalia;BCP clade;Bilateria;Protostomia;Ecdysozoa;Arthropoda;Hexapoda;Insecta;Pterygota;Neoptera;Tumeochrysa sp. Tumeo,0.1547
contig_167758_286_1496_-,AY382464.1.1451 Eukaryota;Amorphea;Obazoa;Opisthokonta;Nucletmycea;Fungi;Dikarya;Ascomycota;Pezizomycotina;Sordariomycetes;Incertae Sedis;uncultured fungus,0.153,POTENTIALLY NOVEL,KP864096.1.1850 Eukaryota;Amorphea;Amoebozoa;Incertae Sedis;Dictyamoeba;Dictyamoeba vorax,0.1508
contig_167808_1095_1904_+,JPSE01001200.13.1835 Eukaryota;SAR;Alveolata;Apicomplexa;Aconoidasida;Haemosporoidia;Plasmodium;Plasmodium falciparum 365.1,0.2266,POTENTIALLY NOVEL,AY325025.1.1932 Eukaryota;Amorphea;Obazoa;Opisthokonta;Holozoa;Choanozoa;Metazoa;Animalia;BCP clade;Bilateria;Protostomia;Ecdysozoa;Arthropoda;Hexapoda;Insecta;Pterygota;Neoptera;Diptera;Obelophorus landbecki,0.2248
contig_168409_1_627_+,KJ925529.1.1677 Eukaryota;Cryptophyceae;Kathablepharidae;uncultured eukaryote,0.1754,POTENTIALLY NOVEL,KP864096.1.1850 Eukaryota;Amorphea;Amoebozoa;Incertae Sedis;Dictyamoeba;Dictyamoeba vorax,0.1723
contig_168765_227_734_-,KJ925529.1.1677 Eukaryota;Cryptophyceae;Kathablepharidae;uncultured eukaryote,0.1517,POTENTIALLY NOVEL,MH899067.1.1633 Eukaryota;Amorphea;Obazoa;Opisthokonta;Holozoa;Choanozoa;Metazoa;Animalia;BCP clade;Bilateria;Protostomia;Ecdysozoa;Arthropoda;Hexapoda;Insecta;Pterygota;Neoptera;Tumeochrysa sp. Tumeo,0.1481
contig_169789_1_797_-,JPSE01001200.13.1835 Eukaryota;SAR;Alveolata;Apicomplexa;Aconoidasida;Haemosporoidia;Plasmodium;Plasmodium falciparum 365.1,0.2321,POTENTIALLY NOVEL,JPSE01001200.13.1835 Eukaryota;SAR;Alveolata;Apicomplexa;Aconoidasida;Haemosporoidia;Plasmodium;Plasmodium falciparum 365.1,0.2289
contig_169799_1_214_+,KJ925529.1.1677 Eukaryota;Cryptophyceae;Kathablepharidae;uncultured eukaryote,0.1575,POTENTIALLY NOVEL,KP864096.1.1850 Eukaryota;Amorphea;Amoebozoa;Incertae Sedis;Dictyamoeba;Dictyamoeba vorax,0.1538
contig_17092_128_1132_-,KJ925529.1.1677 Eukaryota;Cryptophyceae;Kathablepharidae;uncultured eukaryote,0.1538,POTENTIALLY NOVEL,KP864096.1.1850 Eukaryota;Amorphea;Amoebozoa;Incertae Sedis;Dictyamoeba;Dictyamoeba vorax,0.1503
contig_171671_1_1015_+,AF250064.1.1828 Eukaryota;Amorphea;Obazoa;Opisthokonta;Holozoa;Choanozoa;Metazoa;Animalia;BCP clade;Bilateria;Protostomia;Ecdysozoa;Arthropoda;Hexapoda;Insecta;Pterygota;Neoptera;Coleoptera;Attelabus analis,0.1507,POTENTIALLY NOVEL,KP864096.1.1850 Eukaryota;Amorphea;Amoebozoa;Incertae Sedis;Dictyamoeba;Dictyamoeba vorax,0.1487
contig_17209_1_587_+,KJ925529.1.1677 Eukaryota;Cryptophyceae;Kathablepharidae;uncultured eukaryote,0.1572,POTENTIALLY NOVEL,MH899067.1.1633 Eukaryota;Amorphea;Obazoa;Opisthokonta;Holozoa;Choanozoa;Metazoa;Animalia;BCP clade;Bilateria;Protostomia;Ecdysozoa;Arthropoda;Hexapoda;Insecta;Pterygota;Neoptera;Tumeochrysa sp. Tumeo,0.1536
contig_172776_1_827_+,AF250064.1.1828 Eukaryota;Amorphea;Obazoa;Opisthokonta;Holozoa;Choanozoa;Metazoa;Animalia;BCP clade;Bilateria;Protostomia;Ecdysozoa;Arthropoda;Hexapoda;Insecta;Pterygota;Neoptera;Coleoptera;Attelabus analis,0.1562,POTENTIALLY NOVEL,KP864096.1.1850 Eukaryota;Amorphea;Amoebozoa;Incertae Sedis;Dictyamoeba;Dictyamoeba vorax,0.1545
contig_173120_1_1009_+,KJ925529.1.1677 Eukaryota;Cryptophyceae;Kathablepharidae;uncultured eukaryote,0.1591,POTENTIALLY NOVEL,KP864096.1.1850 Eukaryota;Amorphea;Amoebozoa;Incertae Sedis;Dictyamoeba;Dictyamoeba vorax,0.1567
contig_17416_172_554_-,LC186961.1.1755 Eukaryota;Amorphea;Obazoa;Opisthokonta;Holozoa;Choanozoa;Metazoa;Animalia;BCP clade;Bilateria;Protostomia;Lophotrochozoa;Mollusca;Bivalvia;Protobranchia;Solemyoida;Acharax sp. AJO1-1,0.1522,POTENTIALLY NOVEL,MH017637.1.1587 Eukaryota;SAR;Stramenopiles;Ochrophyta;Diatomea;Bacillariophytina;Bacillariophyceae;Diploneis;Diploneis sp.,0.1515
contig_17492_1_536_+,KJ925529.1.1677 Eukaryota;Cryptophyceae;Kathablepharidae;uncultured eukaryote,0.1686,POTENTIALLY NOVEL,KP864096.1.1850 Eukaryota;Amorphea;Amoebozoa;Incertae Sedis;Dictyamoeba;Dictyamoeba vorax,0.1639
contig_179349_2055_2879_+,JPSE01001200.13.1835 Eukaryota;SAR;Alveolata;Apicomplexa;Aconoidasida;Haemosporoidia;Plasmodium;Plasmodium falciparum 365.1,0.2917,POTENTIALLY NOVEL,AJ404302.1.2170 Eukaryota;SAR;Rhizaria;Retaria;Foraminifera;Tubothalamea;Miliolida;Archaias;Archaias angulatus,0.2888
contig_179394_1_2050_+,KJ925529.1.1677 Eukaryota;Cryptophyceae;Kathablepharidae;uncultured eukaryote,0.1665,POTENTIALLY NOVEL,KP864096.1.1850 Eukaryota;Amorphea;Amoebozoa;Incertae Sedis;Dictyamoeba;Dictyamoeba vorax,0.1616
contig_179533_1_503_+,KJ925529.1.1677 Eukaryota;Cryptophyceae;Kathablepharidae;uncultured eukaryote,0.1511,POTENTIALLY NOVEL,MH899067.1.1633 Eukaryota;Amorphea;Obazoa;Opisthokonta;Holozoa;Choanozoa;Metazoa;Animalia;BCP clade;Bilateria;Protostomia;Ecdysozoa;Arthropoda;Hexapoda;Insecta;Pterygota;Neoptera;Tumeochrysa sp. Tumeo,0.1477
contig_180144_2040_2720_+,JN568810.1.1905 Eukaryota;Amorphea;Amoebozoa;Discosea;Flabellinia;Vannellida;Vannella;Vannella planctonica,0.208,POTENTIALLY NOVEL,AY325025.1.1932 Eukaryota;Amorphea;Obazoa;Opisthokonta;Holozoa;Choanozoa;Metazoa;Animalia;BCP clade;Bilateria;Protostomia;Ecdysozoa;Arthropoda;Hexapoda;Insecta;Pterygota;Neoptera;Diptera;Obelophorus landbecki,0.2035
contig_180168_648_865_-,JPSE01001200.13.1835 Eukaryota;SAR;Alveolata;Apicomplexa;Aconoidasida;Haemosporoidia;Plasmodium;Plasmodium falciparum 365.1,0.1955,POTENTIALLY NOVEL,AY325025.1.1932 Eukaryota;Amorphea;Obazoa;Opisthokonta;Holozoa;Choanozoa;Metazoa;Animalia;BCP clade;Bilateria;Protostomia;Ecdysozoa;Arthropoda;Hexapoda;Insecta;Pterygota;Neoptera;Diptera;Obelophorus landbecki,0.1922
contig_180789_483_922_+,KJ925529.1.1677 Eukaryota;Cryptophyceae;Kathablepharidae;uncultured eukaryote,0.1501,POTENTIALLY NOVEL,KP864096.1.1850 Eukaryota;Amorphea;Amoebozoa;Incertae Sedis;Dictyamoeba;Dictyamoeba vorax,0.147
contig_181880_1_534_+,AF250064.1.1828 Eukaryota;Amorphea;Obazoa;Opisthokonta;Holozoa;Choanozoa;Metazoa;Animalia;BCP clade;Bilateria;Protostomia;Ecdysozoa;Arthropoda;Hexapoda;Insecta;Pterygota;Neoptera;Coleoptera;Attelabus analis,0.1502,POTENTIALLY NOVEL,MH017637.1.1587 Eukaryota;SAR;Stramenopiles;Ochrophyta;Diatomea;Bacillariophytina;Bacillariophyceae;Diploneis;Diploneis sp.,0.1494
contig_181880_538_811_+,KJ925529.1.1677 Eukaryota;Cryptophyceae;Kathablepharidae;uncultured eukaryote,0.1694,POTENTIALLY NOVEL,MH899067.1.1633 Eukaryota;Amorphea;Obazoa;Opisthokonta;Holozoa;Choanozoa;Metazoa;Animalia;BCP clade;Bilateria;Protostomia;Ecdysozoa;Arthropoda;Hexapoda;Insecta;Pterygota;Neoptera;Tumeochrysa sp. Tumeo,0.1668
contig_186631_868_1461_+,JN568810.1.1905 Eukaryota;Amorphea;Amoebozoa;Discosea;Flabellinia;Vannellida;Vannella;Vannella planctonica,0.1895,POTENTIALLY NOVEL,AY325025.1.1932 Eukaryota;Amorphea;Obazoa;Opisthokonta;Holozoa;Choanozoa;Metazoa;Animalia;BCP clade;Bilateria;Protostomia;Ecdysozoa;Arthropoda;Hexapoda;Insecta;Pterygota;Neoptera;Diptera;Obelophorus landbecki,0.1845
contig_186660_188_850_+,KJ925529.1.1677 Eukaryota;Cryptophyceae;Kathablepharidae;uncultured eukaryote,0.1649,POTENTIALLY NOVEL,KP864096.1.1850 Eukaryota;Amorphea;Amoebozoa;Incertae Sedis;Dictyamoeba;Dictyamoeba vorax,0.1617
contig_190641_1_754_+,KJ925529.1.1677 Eukaryota;Cryptophyceae;Kathablepharidae;uncultured eukaryote,0.1587,POTENTIALLY NOVEL,KP864096.1.1850 Eukaryota;Amorphea;Amoebozoa;Incertae Sedis;Dictyamoeba;Dictyamoeba vorax,0.1551
contig_190844_1_438_+,LC186961.1.1755 Eukaryota;Amorphea;Obazoa;Opisthokonta;Holozoa;Choanozoa;Metazoa;Animalia;BCP clade;Bilateria;Protostomia;Lophotrochozoa;Mollusca;Bivalvia;Protobranchia;Solemyoida;Acharax sp. AJO1-1,0.1629,POTENTIALLY NOVEL,MH017637.1.1587 Eukaryota;SAR;Stramenopiles;Ochrophyta;Diatomea;Bacillariophytina;Bacillariophyceae;Diploneis;Diploneis sp.,0.1614
contig_190919_1_1027_+,KJ925529.1.1677 Eukaryota;Cryptophyceae;Kathablepharidae;uncultured eukaryote,0.1752,POTENTIALLY NOVEL,KP864096.1.1850 Eukaryota;Amorphea;Amoebozoa;Incertae Sedis;Dictyamoeba;Dictyamoeba vorax,0.1728
contig_191125_1_1065_+,KJ925529.1.1677 Eukaryota;Cryptophyceae;Kathablepharidae;uncultured eukaryote,0.1514,POTENTIALLY NOVEL,MH899067.1.1633 Eukaryota;Amorphea;Obazoa;Opisthokonta;Holozoa;Choanozoa;Metazoa;Animalia;BCP clade;Bilateria;Protostomia;Ecdysozoa;Arthropoda;Hexapoda;Insecta;Pterygota;Neoptera;Tumeochrysa sp. Tumeo,0.1498
contig_191898_1_2014_+,JPSE01001200.13.1835 Eukaryota;SAR;Alveolata;Apicomplexa;Aconoidasida;Haemosporoidia;Plasmodium;Plasmodium falciparum 365.1,0.2491,POTENTIALLY NOVEL,JPSE01001200.13.1835 Eukaryota;SAR;Alveolata;Apicomplexa;Aconoidasida;Haemosporoidia;Plasmodium;Plasmodium falciparum 365.1,0.2439
contig_193717_1_815_-,JPSE01001200.13.1835 Eukaryota;SAR;Alveolata;Apicomplexa;Aconoidasida;Haemosporoidia;Plasmodium;Plasmodium falciparum 365.1,0.2132,POTENTIALLY NOVEL,AY325025.1.1932 Eukaryota;Amorphea;Obazoa;Opisthokonta;Holozoa;Choanozoa;Metazoa;Animalia;BCP clade;Bilateria;Protostomia;Ecdysozoa;Arthropoda;Hexapoda;Insecta;Pterygota;Neoptera;Diptera;Obelophorus landbecki,0.2104
contig_194299_1_314_+,KJ925529.1.1677 Eukaryota;Cryptophyceae;Kathablepharidae;uncultured eukaryote,0.1554,POTENTIALLY NOVEL,KP864096.1.1850 Eukaryota;Amorphea;Amoebozoa;Incertae Sedis;Dictyamoeba;Dictyamoeba vorax,0.1534
contig_198981_1963_2895_-,KJ925529.1.1677 Eukaryota;Cryptophyceae;Kathablepharidae;uncultured eukaryote,0.1606,POTENTIALLY NOVEL,KP864096.1.1850 Eukaryota;Amorphea;Amoebozoa;Incertae Sedis;Dictyamoeba;Dictyamoeba vorax,0.1565
contig_199085_1442_2014_+,KJ925529.1.1677 Eukaryota;Cryptophyceae;Kathablepharidae;uncultured eukaryote,0.1648,POTENTIALLY NOVEL,KP864096.1.1850 Eukaryota;Amorphea;Amoebozoa;Incertae Sedis;Dictyamoeba;Dictyamoeba vorax,0.163
contig_199190_1_1063_+,KJ925529.1.1677 Eukaryota;Cryptophyceae;Kathablepharidae;uncultured eukaryote,0.1676,POTENTIALLY NOVEL,MH899067.1.1633 Eukaryota;Amorphea;Obazoa;Opisthokonta;Holozoa;Choanozoa;Metazoa;Animalia;BCP clade;Bilateria;Protostomia;Ecdysozoa;Arthropoda;Hexapoda;Insecta;Pterygota;Neoptera;Tumeochrysa sp. Tumeo,0.1653
contig_199618_347_916_-,KJ925529.1.1677 Eukaryota;Cryptophyceae;Kathablepharidae;uncultured eukaryote,0.1654,POTENTIALLY NOVEL,MH899067.1.1633 Eukaryota;Amorphea;Obazoa;Opisthokonta;Holozoa;Choanozoa;Metazoa;Animalia;BCP clade;Bilateria;Protostomia;Ecdysozoa;Arthropoda;Hexapoda;Insecta;Pterygota;Neoptera;Tumeochrysa sp. Tumeo,0.1632
contig_199808_333_2023_+,KU872604.1.1670 Eukaryota;Amorphea;Obazoa;Opisthokonta;Holozoa;Choanozoa;Metazoa;Animalia;BCP clade;Bilateria;Protostomia;Lophotrochozoa;Platyhelminthes;Rhabditophora;Seriata;Tricladida;Continenticola;Microplana sp. 2 MAP-2016,0.1813,POTENTIALLY NOVEL,AY325025.1.1932 Eukaryota;Amorphea;Obazoa;Opisthokonta;Holozoa;Choanozoa;Metazoa;Animalia;BCP clade;Bilateria;Protostomia;Ecdysozoa;Arthropoda;Hexapoda;Insecta;Pterygota;Neoptera;Diptera;Obelophorus landbecki,0.1777
contig_200941_124_1295_-,JN568810.1.1905 Eukaryota;Amorphea;Amoebozoa;Discosea;Flabellinia;Vannellida;Vannella;Vannella planctonica,0.192,POTENTIALLY NOVEL,AY325025.1.1932 Eukaryota;Amorphea;Obazoa;Opisthokonta;Holozoa;Choanozoa;Metazoa;Animalia;BCP clade;Bilateria;Protostomia;Ecdysozoa;Arthropoda;Hexapoda;Insecta;Pterygota;Neoptera;Diptera;Obelophorus landbecki,0.1868
contig_201011_1_667_-,KJ925529.1.1677 Eukaryota;Cryptophyceae;Kathablepharidae;uncultured eukaryote,0.1593,POTENTIALLY NOVEL,AY325025.1.1932 Eukaryota;Amorphea;Obazoa;Opisthokonta;Holozoa;Choanozoa;Metazoa;Animalia;BCP clade;Bilateria;Protostomia;Ecdysozoa;Arthropoda;Hexapoda;Insecta;Pterygota;Neoptera;Diptera;Obelophorus landbecki,0.1571
contig_202285_281_1618_+,KU872604.1.1670 Eukaryota;Amorphea;Obazoa;Opisthokonta;Holozoa;Choanozoa;Metazoa;Animalia;BCP clade;Bilateria;Protostomia;Lophotrochozoa;Platyhelminthes;Rhabditophora;Seriata;Tricladida;Continenticola;Microplana sp. 2 MAP-2016,0.1839,POTENTIALLY NOVEL,KU872604.1.1670 Eukaryota;Amorphea;Obazoa;Opisthokonta;Holozoa;Choanozoa;Metazoa;Animalia;BCP clade;Bilateria;Protostomia;Lophotrochozoa;Platyhelminthes;Rhabditophora;Seriata;Tricladida;Continenticola;Microplana sp. 2 MAP-2016,0.1808
contig_202615_74_484_-,KJ925529.1.1677 Eukaryota;Cryptophyceae;Kathablepharidae;uncultured eukaryote,0.158,POTENTIALLY NOVEL,KP864096.1.1850 Eukaryota;Amorphea;Amoebozoa;Incertae Sedis;Dictyamoeba;Dictyamoeba vorax,0.156
contig_204344_1_367_+,KJ925529.1.1677 Eukaryota;Cryptophyceae;Kathablepharidae;uncultured eukaryote,0.1565,POTENTIALLY NOVEL,KP864096.1.1850 Eukaryota;Amorphea;Amoebozoa;Incertae Sedis;Dictyamoeba;Dictyamoeba vorax,0.154
contig_24001_1_318_-,AJ404301.1.2190 Eukaryota;SAR;Rhizaria;Retaria;Foraminifera;Tubothalamea;Miliolida;Androsina;Androsina lucasi,0.2634,POTENTIALLY NOVEL,AJ404301.1.2190 Eukaryota;SAR;Rhizaria;Retaria;Foraminifera;Tubothalamea;Miliolida;Androsina;Androsina lucasi,0.2594
contig_32005_1_1801_+,AF250064.1.1828 Eukaryota;Amorphea;Obazoa;Opisthokonta;Holozoa;Choanozoa;Metazoa;Animalia;BCP clade;Bilateria;Protostomia;Ecdysozoa;Arthropoda;Hexapoda;Insecta;Pterygota;Neoptera;Coleoptera;Attelabus analis,0.1553,POTENTIALLY NOVEL,KP864096.1.1850 Eukaryota;Amorphea;Amoebozoa;Incertae Sedis;Dictyamoeba;Dictyamoeba vorax,0.1529
contig_32240_1307_2517_-,AF250064.1.1828 Eukaryota;Amorphea;Obazoa;Opisthokonta;Holozoa;Choanozoa;Metazoa;Animalia;BCP clade;Bilateria;Protostomia;Ecdysozoa;Arthropoda;Hexapoda;Insecta;Pterygota;Neoptera;Coleoptera;Attelabus analis,0.1507,POTENTIALLY NOVEL,KP864096.1.1850 Eukaryota;Amorphea;Amoebozoa;Incertae Sedis;Dictyamoeba;Dictyamoeba vorax,0.1493
contig_32809_192_2639_-,AF250064.1.1828 Eukaryota;Amorphea;Obazoa;Opisthokonta;Holozoa;Choanozoa;Metazoa;Animalia;BCP clade;Bilateria;Protostomia;Ecdysozoa;Arthropoda;Hexapoda;Insecta;Pterygota;Neoptera;Coleoptera;Attelabus analis,0.1755,POTENTIALLY NOVEL,KP864096.1.1850 Eukaryota;Amorphea;Amoebozoa;Incertae Sedis;Dictyamoeba;Dictyamoeba vorax,0.1734
contig_33970_1_357_+,JPSE01001200.13.1835 Eukaryota;SAR;Alveolata;Apicomplexa;Aconoidasida;Haemosporoidia;Plasmodium;Plasmodium falciparum 365.1,0.2521,POTENTIALLY NOVEL,JPSE01001200.13.1835 Eukaryota;SAR;Alveolata;Apicomplexa;Aconoidasida;Haemosporoidia;Plasmodium;Plasmodium falciparum 365.1,0.2475
contig_35224_1_345_+,AF250064.1.1828 Eukaryota;Amorphea;Obazoa;Opisthokonta;Holozoa;Choanozoa;Metazoa;Animalia;BCP clade;Bilateria;Protostomia;Ecdysozoa;Arthropoda;Hexapoda;Insecta;Pterygota;Neoptera;Coleoptera;Attelabus analis,0.1524,POTENTIALLY NOVEL,MH899067.1.1633 Eukaryota;Amorphea;Obazoa;Opisthokonta;Holozoa;Choanozoa;Metazoa;Animalia;BCP clade;Bilateria;Protostomia;Ecdysozoa;Arthropoda;Hexapoda;Insecta;Pterygota;Neoptera;Tumeochrysa sp. Tumeo,0.1503
contig_39566_1_530_+,KJ925529.1.1677 Eukaryota;Cryptophyceae;Kathablepharidae;uncultured eukaryote,0.1603,POTENTIALLY NOVEL,KP864096.1.1850 Eukaryota;Amorphea;Amoebozoa;Incertae Sedis;Dictyamoeba;Dictyamoeba vorax,0.1577
contig_41400_1_496_-,JPSE01001200.13.1835 Eukaryota;SAR;Alveolata;Apicomplexa;Aconoidasida;Haemosporoidia;Plasmodium;Plasmodium falciparum 365.1,0.2802,POTENTIALLY NOVEL,AJ404302.1.2170 Eukaryota;SAR;Rhizaria;Retaria;Foraminifera;Tubothalamea;Miliolida;Archaias;Archaias angulatus,0.2784
contig_41811_1_437_-,JN568810.1.1905 Eukaryota;Amorphea;Amoebozoa;Discosea;Flabellinia;Vannellida;Vannella;Vannella planctonica,0.1914,POTENTIALLY NOVEL,AY325025.1.1932 Eukaryota;Amorphea;Obazoa;Opisthokonta;Holozoa;Choanozoa;Metazoa;Animalia;BCP clade;Bilateria;Protostomia;Ecdysozoa;Arthropoda;Hexapoda;Insecta;Pterygota;Neoptera;Diptera;Obelophorus landbecki,0.1873
contig_43338_474_932_-,KJ925529.1.1677 Eukaryota;Cryptophyceae;Kathablepharidae;uncultured eukaryote,0.1576,POTENTIALLY NOVEL,AY325025.1.1932 Eukaryota;Amorphea;Obazoa;Opisthokonta;Holozoa;Choanozoa;Metazoa;Animalia;BCP clade;Bilateria;Protostomia;Ecdysozoa;Arthropoda;Hexapoda;Insecta;Pterygota;Neoptera;Diptera;Obelophorus landbecki,0.1554
contig_43995_1_554_-,JN568810.1.1905 Eukaryota;Amorphea;Amoebozoa;Discosea;Flabellinia;Vannellida;Vannella;Vannella planctonica,0.188,POTENTIALLY NOVEL,AY325025.1.1932 Eukaryota;Amorphea;Obazoa;Opisthokonta;Holozoa;Choanozoa;Metazoa;Animalia;BCP clade;Bilateria;Protostomia;Ecdysozoa;Arthropoda;Hexapoda;Insecta;Pterygota;Neoptera;Diptera;Obelophorus landbecki,0.1834
contig_46892_1_780_+,KJ925529.1.1677 Eukaryota;Cryptophyceae;Kathablepharidae;uncultured eukaryote,0.1673,POTENTIALLY NOVEL,KP864096.1.1850 Eukaryota;Amorphea;Amoebozoa;Incertae Sedis;Dictyamoeba;Dictyamoeba vorax,0.1633
contig_47132_4_383_-,KJ925529.1.1677 Eukaryota;Cryptophyceae;Kathablepharidae;uncultured eukaryote,0.1557,POTENTIALLY NOVEL,MH899067.1.1633 Eukaryota;Amorphea;Obazoa;Opisthokonta;Holozoa;Choanozoa;Metazoa;Animalia;BCP clade;Bilateria;Protostomia;Ecdysozoa;Arthropoda;Hexapoda;Insecta;Pterygota;Neoptera;Tumeochrysa sp. Tumeo,0.1528
contig_48768_1_349_+,KY465847.1.2094 Eukaryota;Amorphea;Amoebozoa;Discosea;Flabellinia;Dactylopodida;Paramoeba;Paramoeba branchiphila,0.164,POTENTIALLY NOVEL,AY325025.1.1932 Eukaryota;Amorphea;Obazoa;Opisthokonta;Holozoa;Choanozoa;Metazoa;Animalia;BCP clade;Bilateria;Protostomia;Ecdysozoa;Arthropoda;Hexapoda;Insecta;Pterygota;Neoptera;Diptera;Obelophorus landbecki,0.1604
contig_56531_117_851_+,KJ925529.1.1677 Eukaryota;Cryptophyceae;Kathablepharidae;uncultured eukaryote,0.1646,POTENTIALLY NOVEL,KP864096.1.1850 Eukaryota;Amorphea;Amoebozoa;Incertae Sedis;Dictyamoeba;Dictyamoeba vorax,0.1613
contig_56736_415_1556_-,JN568810.1.1905 Eukaryota;Amorphea;Amoebozoa;Discosea;Flabellinia;Vannellida;Vannella;Vannella planctonica,0.1953,POTENTIALLY NOVEL,AY325025.1.1932 Eukaryota;Amorphea;Obazoa;Opisthokonta;Holozoa;Choanozoa;Metazoa;Animalia;BCP clade;Bilateria;Protostomia;Ecdysozoa;Arthropoda;Hexapoda;Insecta;Pterygota;Neoptera;Diptera;Obelophorus landbecki,0.1907
contig_56742_263_842_-,AF250064.1.1828 Eukaryota;Amorphea;Obazoa;Opisthokonta;Holozoa;Choanozoa;Metazoa;Animalia;BCP clade;Bilateria;Protostomia;Ecdysozoa;Arthropoda;Hexapoda;Insecta;Pterygota;Neoptera;Coleoptera;Attelabus analis,0.1564,POTENTIALLY NOVEL,KP864096.1.1850 Eukaryota;Amorphea;Amoebozoa;Incertae Sedis;Dictyamoeba;Dictyamoeba vorax,0.1549
contig_56814_1357_1904_-,KJ925529.1.1677 Eukaryota;Cryptophyceae;Kathablepharidae;uncultured eukaryote,0.151,POTENTIALLY NOVEL,KP864096.1.1850 Eukaryota;Amorphea;Amoebozoa;Incertae Sedis;Dictyamoeba;Dictyamoeba vorax,0.1483
contig_61925_1_1428_+,KJ925529.1.1677 Eukaryota;Cryptophyceae;Kathablepharidae;uncultured eukaryote,0.1556,POTENTIALLY NOVEL,MH899067.1.1633 Eukaryota;Amorphea;Obazoa;Opisthokonta;Holozoa;Choanozoa;Metazoa;Animalia;BCP clade;Bilateria;Protostomia;Ecdysozoa;Arthropoda;Hexapoda;Insecta;Pterygota;Neoptera;Tumeochrysa sp. Tumeo,0.1527
contig_69226_1_569_-,KY465847.1.2094 Eukaryota;Amorphea;Amoebozoa;Discosea;Flabellinia;Dactylopodida;Paramoeba;Paramoeba branchiphila,0.1715,POTENTIALLY NOVEL,AY325025.1.1932 Eukaryota;Amorphea;Obazoa;Opisthokonta;Holozoa;Choanozoa;Metazoa;Animalia;BCP clade;Bilateria;Protostomia;Ecdysozoa;Arthropoda;Hexapoda;Insecta;Pterygota;Neoptera;Diptera;Obelophorus landbecki,0.1669
contig_8053_1_354_+,KJ925529.1.1677 Eukaryota;Cryptophyceae;Kathablepharidae;uncultured eukaryote,0.1644,POTENTIALLY NOVEL,MH899067.1.1633 Eukaryota;Amorphea;Obazoa;Opisthokonta;Holozoa;Choanozoa;Metazoa;Animalia;BCP clade;Bilateria;Protostomia;Ecdysozoa;Arthropoda;Hexapoda;Insecta;Pterygota;Neoptera;Tumeochrysa sp. Tumeo,0.1607
contig_83068_1_525_+,KJ925529.1.1677 Eukaryota;Cryptophyceae;Kathablepharidae;uncultured eukaryote,0.1627,POTENTIALLY NOVEL,KP864096.1.1850 Eukaryota;Amorphea;Amoebozoa;Incertae Sedis;Dictyamoeba;Dictyamoeba vorax,0.1605
contig_86370_1_483_-,AF250064.1.1828 Eukaryota;Amorphea;Obazoa;Opisthokonta;Holozoa;Choanozoa;Metazoa;Animalia;BCP clade;Bilateria;Protostomia;Ecdysozoa;Arthropoda;Hexapoda;Insecta;Pterygota;Neoptera;Coleoptera;Attelabus analis,0.1708,POTENTIALLY NOVEL,KP864096.1.1850 Eukaryota;Amorphea;Amoebozoa;Incertae Sedis;Dictyamoeba;Dictyamoeba vorax,0.1682
contig_88006_1_537_+,JPSE01001200.13.1835 Eukaryota;SAR;Alveolata;Apicomplexa;Aconoidasida;Haemosporoidia;Plasmodium;Plasmodium falciparum 365.1,0.1921,POTENTIALLY NOVEL,AY325025.1.1932 Eukaryota;Amorphea;Obazoa;Opisthokonta;Holozoa;Choanozoa;Metazoa;Animalia;BCP clade;Bilateria;Protostomia;Ecdysozoa;Arthropoda;Hexapoda;Insecta;Pterygota;Neoptera;Diptera;Obelophorus landbecki,0.1901
contig_88294_1_221_+,KJ925529.1.1677 Eukaryota;Cryptophyceae;Kathablepharidae;uncultured eukaryote,0.153,POTENTIALLY NOVEL,MH899067.1.1633 Eukaryota;Amorphea;Obazoa;Opisthokonta;Holozoa;Choanozoa;Metazoa;Animalia;BCP clade;Bilateria;Protostomia;Ecdysozoa;Arthropoda;Hexapoda;Insecta;Pterygota;Neoptera;Tumeochrysa sp. Tumeo,0.15
contig_9551_1068_1832_+,KJ925529.1.1677 Eukaryota;Cryptophyceae;Kathablepharidae;uncultured eukaryote,0.1697,POTENTIALLY NOVEL,MH899067.1.1633 Eukaryota;Amorphea;Obazoa;Opisthokonta;Holozoa;Choanozoa;Metazoa;Animalia;BCP clade;Bilateria;Protostomia;Ecdysozoa;Arthropoda;Hexapoda;Insecta;Pterygota;Neoptera;Tumeochrysa sp. Tumeo,0.1666
contig_96161_1_424_+,KJ925529.1.1677 Eukaryota;Cryptophyceae;Kathablepharidae;uncultured eukaryote,0.1571,POTENTIALLY NOVEL,MH899067.1.1633 Eukaryota;Amorphea;Obazoa;Opisthokonta;Holozoa;Choanozoa;Metazoa;Animalia;BCP clade;Bilateria;Protostomia;Ecdysozoa;Arthropoda;Hexapoda;Insecta;Pterygota;Neoptera;Tumeochrysa sp. Tumeo,0.1529
contig_9636_66_992_+,KJ925529.1.1677 Eukaryota;Cryptophyceae;Kathablepharidae;uncultured eukaryote,0.1677,POTENTIALLY NOVEL,KP864096.1.1850 Eukaryota;Amorphea;Amoebozoa;Incertae Sedis;Dictyamoeba;Dictyamoeba vorax,0.1629
contig_9817_1541_3057_+,KJ925529.1.1677 Eukaryota;Cryptophyceae;Kathablepharidae;uncultured eukaryote,0.1534,POTENTIALLY NOVEL,KP864096.1.1850 Eukaryota;Amorphea;Amoebozoa;Incertae Sedis;Dictyamoeba;Dictyamoeba vorax,0.1504
contig_98486_347_910_-,KJ925529.1.1677 Eukaryota;Cryptophyceae;Kathablepharidae;uncultured eukaryote,0.1737,POTENTIALLY NOVEL,KP864096.1.1850 Eukaryota;Amorphea;Amoebozoa;Incertae Sedis;Dictyamoeba;Dictyamoeba vorax,0.1702
contig_101557_1_894_-,KJ925529.1.1677 Eukaryota;Cryptophyceae;Kathablepharidae;uncultured eukaryote,0.1509,POTENTIALLY NOVEL,KP864096.1.1850 Eukaryota;Amorphea;Amoebozoa;Incertae Sedis;Dictyamoeba;Dictyamoeba vorax,0.1473
contig_101945_2009_2947_+,KJ925529.1.1677 Eukaryota;Cryptophyceae;Kathablepharidae;uncultured eukaryote,0.151,POTENTIALLY NOVEL,KP864096.1.1850 Eukaryota;Amorphea;Amoebozoa;Incertae Sedis;Dictyamoeba;Dictyamoeba vorax,0.1469
contig_102019_417_998_-,KJ925529.1.1677 Eukaryota;Cryptophyceae;Kathablepharidae;uncultured eukaryote,0.1524,POTENTIALLY NOVEL,KP864096.1.1850 Eukaryota;Amorphea;Amoebozoa;Incertae Sedis;Dictyamoeba;Dictyamoeba vorax,0.1492
contig_102442_316_1041_+,JN568810.1.1905 Eukaryota;Amorphea;Amoebozoa;Discosea;Flabellinia;Vannellida;Vannella;Vannella planctonica,0.1827,POTENTIALLY NOVEL,AY325025.1.1932 Eukaryota;Amorphea;Obazoa;Opisthokonta;Holozoa;Choanozoa;Metazoa;Animalia;BCP clade;Bilateria;Protostomia;Ecdysozoa;Arthropoda;Hexapoda;Insecta;Pterygota;Neoptera;Diptera;Obelophorus landbecki,0.1779
contig_102599_1620_1950_-,KJ925529.1.1677 Eukaryota;Cryptophyceae;Kathablepharidae;uncultured eukaryote,0.158,POTENTIALLY NOVEL,MH899067.1.1633 Eukaryota;Amorphea;Obazoa;Opisthokonta;Holozoa;Choanozoa;Metazoa;Animalia;BCP clade;Bilateria;Protostomia;Ecdysozoa;Arthropoda;Hexapoda;Insecta;Pterygota;Neoptera;Tumeochrysa sp. Tumeo,0.1556
contig_102624_3425_3898_-,KJ925529.1.1677 Eukaryota;Cryptophyceae;Kathablepharidae;uncultured eukaryote,0.1609,POTENTIALLY NOVEL,KP864096.1.1850 Eukaryota;Amorphea;Amoebozoa;Incertae Sedis;Dictyamoeba;Dictyamoeba vorax,0.1578
contig_102739_2176_3749_+,KJ925529.1.1677 Eukaryota;Cryptophyceae;Kathablepharidae;uncultured eukaryote,0.1528,POTENTIALLY NOVEL,KP864096.1.1850 Eukaryota;Amorphea;Amoebozoa;Incertae Sedis;Dictyamoeba;Dictyamoeba vorax,0.149
contig_103019_1_581_+,AY382464.1.1451 Eukaryota;Amorphea;Obazoa;Opisthokonta;Nucletmycea;Fungi;Dikarya;Ascomycota;Pezizomycotina;Sordariomycetes;Incertae Sedis;uncultured fungus,0.1591,POTENTIALLY NOVEL,KP864096.1.1850 Eukaryota;Amorphea;Amoebozoa;Incertae Sedis;Dictyamoeba;Dictyamoeba vorax,0.1567
contig_103235_40_1035_+,KJ925529.1.1677 Eukaryota;Cryptophyceae;Kathablepharidae;uncultured eukaryote,0.1502,POTENTIALLY NOVEL,MH899067.1.1633 Eukaryota;Amorphea;Obazoa;Opisthokonta;Holozoa;Choanozoa;Metazoa;Animalia;BCP clade;Bilateria;Protostomia;Ecdysozoa;Arthropoda;Hexapoda;Insecta;Pterygota;Neoptera;Tumeochrysa sp. Tumeo,0.1484
contig_103513_1_978_+,KJ925529.1.1677 Eukaryota;Cryptophyceae;Kathablepharidae;uncultured eukaryote,0.1635,POTENTIALLY NOVEL,KP864096.1.1850 Eukaryota;Amorphea;Amoebozoa;Incertae Sedis;Dictyamoeba;Dictyamoeba vorax,0.1584
contig_103554_2309_2977_-,KJ925529.1.1677 Eukaryota;Cryptophyceae;Kathablepharidae;uncultured eukaryote,0.1565,POTENTIALLY NOVEL,KP864096.1.1850 Eukaryota;Amorphea;Amoebozoa;Incertae Sedis;Dictyamoeba;Dictyamoeba vorax,0.1521
contig_103704_53_1473_+,AY382464.1.1451 Eukaryota;Amorphea;Obazoa;Opisthokonta;Nucletmycea;Fungi;Dikarya;Ascomycota;Pezizomycotina;Sordariomycetes;Incertae Sedis;uncultured fungus,0.1575,POTENTIALLY NOVEL,KP864096.1.1850 Eukaryota;Amorphea;Amoebozoa;Incertae Sedis;Dictyamoeba;Dictyamoeba vorax,0.155
contig_104071_632_1090_-,AF250064.1.1828 Eukaryota;Amorphea;Obazoa;Opisthokonta;Holozoa;Choanozoa;Metazoa;Animalia;BCP clade;Bilateria;Protostomia;Ecdysozoa;Arthropoda;Hexapoda;Insecta;Pterygota;Neoptera;Coleoptera;Attelabus analis,0.1658,POTENTIALLY NOVEL,MH017637.1.1587 Eukaryota;SAR;Stramenopiles;Ochrophyta;Diatomea;Bacillariophytina;Bacillariophyceae;Diploneis;Diploneis sp.,0.165
contig_104223_346_1892_-,KJ925529.1.1677 Eukaryota;Cryptophyceae;Kathablepharidae;uncultured eukaryote,0.1718,POTENTIALLY NOVEL,KP864096.1.1850 Eukaryota;Amorphea;Amoebozoa;Incertae Sedis;Dictyamoeba;Dictyamoeba vorax,0.1674
contig_104362_284_868_-,KJ925529.1.1677 Eukaryota;Cryptophyceae;Kathablepharidae;uncultured eukaryote,0.1668,POTENTIALLY NOVEL,AY325025.1.1932 Eukaryota;Amorphea;Obazoa;Opisthokonta;Holozoa;Choanozoa;Metazoa;Animalia;BCP clade;Bilateria;Protostomia;Ecdysozoa;Arthropoda;Hexapoda;Insecta;Pterygota;Neoptera;Diptera;Obelophorus landbecki,0.1647
contig_104537_1070_4004_-,KJ925529.1.1677 Eukaryota;Cryptophyceae;Kathablepharidae;uncultured eukaryote,0.1672,POTENTIALLY NOVEL,KP864096.1.1850 Eukaryota;Amorphea;Amoebozoa;Incertae Sedis;Dictyamoeba;Dictyamoeba vorax,0.1633
contig_104548_159_662_-,AF250064.1.1828 Eukaryota;Amorphea;Obazoa;Opisthokonta;Holozoa;Choanozoa;Metazoa;Animalia;BCP clade;Bilateria;Protostomia;Ecdysozoa;Arthropoda;Hexapoda;Insecta;Pterygota;Neoptera;Coleoptera;Attelabus analis,0.1522,POTENTIALLY NOVEL,KP864096.1.1850 Eukaryota;Amorphea;Amoebozoa;Incertae Sedis;Dictyamoeba;Dictyamoeba vorax,0.1509
contig_104610_19_1056_+,AY382464.1.1451 Eukaryota;Amorphea;Obazoa;Opisthokonta;Nucletmycea;Fungi;Dikarya;Ascomycota;Pezizomycotina;Sordariomycetes;Incertae Sedis;uncultured fungus,0.1522,POTENTIALLY NOVEL,KP864096.1.1850 Eukaryota;Amorphea;Amoebozoa;Incertae Sedis;Dictyamoeba;Dictyamoeba vorax,0.1499
contig_105549_190_1199_-,AF250064.1.1828 Eukaryota;Amorphea;Obazoa;Opisthokonta;Holozoa;Choanozoa;Metazoa;Animalia;BCP clade;Bilateria;Protostomia;Ecdysozoa;Arthropoda;Hexapoda;Insecta;Pterygota;Neoptera;Coleoptera;Attelabus analis,0.1533,POTENTIALLY NOVEL,KP864096.1.1850 Eukaryota;Amorphea;Amoebozoa;Incertae Sedis;Dictyamoeba;Dictyamoeba vorax,0.1512
contig_106946_206_985_-,KJ925529.1.1677 Eukaryota;Cryptophyceae;Kathablepharidae;uncultured eukaryote,0.1656,POTENTIALLY NOVEL,KP864096.1.1850 Eukaryota;Amorphea;Amoebozoa;Incertae Sedis;Dictyamoeba;Dictyamoeba vorax,0.1619
contig_107177_1_721_+,KJ925529.1.1677 Eukaryota;Cryptophyceae;Kathablepharidae;uncultured eukaryote,0.1535,POTENTIALLY NOVEL,KP864096.1.1850 Eukaryota;Amorphea;Amoebozoa;Incertae Sedis;Dictyamoeba;Dictyamoeba vorax,0.149
contig_107988_297_986_-,KJ925529.1.1677 Eukaryota;Cryptophyceae;Kathablepharidae;uncultured eukaryote,0.1534,POTENTIALLY NOVEL,KP864096.1.1850 Eukaryota;Amorphea;Amoebozoa;Incertae Sedis;Dictyamoeba;Dictyamoeba vorax,0.1501
contig_108074_175_954_-,KJ925529.1.1677 Eukaryota;Cryptophyceae;Kathablepharidae;uncultured eukaryote,0.166,POTENTIALLY NOVEL,KP864096.1.1850 Eukaryota;Amorphea;Amoebozoa;Incertae Sedis;Dictyamoeba;Dictyamoeba vorax,0.1631
contig_108087_1_842_+,KJ925529.1.1677 Eukaryota;Cryptophyceae;Kathablepharidae;uncultured eukaryote,0.15,POTENTIALLY NOVEL,KP864096.1.1850 Eukaryota;Amorphea;Amoebozoa;Incertae Sedis;Dictyamoeba;Dictyamoeba vorax,0.1452
contig_108140_31_1454_-,KJ925529.1.1677 Eukaryota;Cryptophyceae;Kathablepharidae;uncultured eukaryote,0.1594,POTENTIALLY NOVEL,AY325025.1.1932 Eukaryota;Amorphea;Obazoa;Opisthokonta;Holozoa;Choanozoa;Metazoa;Animalia;BCP clade;Bilateria;Protostomia;Ecdysozoa;Arthropoda;Hexapoda;Insecta;Pterygota;Neoptera;Diptera;Obelophorus landbecki,0.1576
contig_108507_383_1404_-,KJ925529.1.1677 Eukaryota;Cryptophyceae;Kathablepharidae;uncultured eukaryote,0.1667,POTENTIALLY NOVEL,KP864096.1.1850 Eukaryota;Amorphea;Amoebozoa;Incertae Sedis;Dictyamoeba;Dictyamoeba vorax,0.1648
contig_108797_562_1182_+,KJ925529.1.1677 Eukaryota;Cryptophyceae;Kathablepharidae;uncultured eukaryote,0.1602,POTENTIALLY NOVEL,KP864096.1.1850 Eukaryota;Amorphea;Amoebozoa;Incertae Sedis;Dictyamoeba;Dictyamoeba vorax,0.1581
contig_10927_1_390_+,KJ925529.1.1677 Eukaryota;Cryptophyceae;Kathablepharidae;uncultured eukaryote,0.1813,POTENTIALLY NOVEL,KP864096.1.1850 Eukaryota;Amorphea;Amoebozoa;Incertae Sedis;Dictyamoeba;Dictyamoeba vorax,0.1767
contig_109663_358_910_-,LC186961.1.1755 Eukaryota;Amorphea;Obazoa;Opisthokonta;Holozoa;Choanozoa;Metazoa;Animalia;BCP clade;Bilateria;Protostomia;Lophotrochozoa;Mollusca;Bivalvia;Protobranchia;Solemyoida;Acharax sp. AJO1-1,0.1594,POTENTIALLY NOVEL,MH017637.1.1587 Eukaryota;SAR;Stramenopiles;Ochrophyta;Diatomea;Bacillariophytina;Bacillariophyceae;Diploneis;Diploneis sp.,0.1578
contig_112053_1574_3104_+,KJ925529.1.1677 Eukaryota;Cryptophyceae;Kathablepharidae;uncultured eukaryote,0.1537,POTENTIALLY NOVEL,KP864096.1.1850 Eukaryota;Amorphea;Amoebozoa;Incertae Sedis;Dictyamoeba;Dictyamoeba vorax,0.1503
contig_112196_1920_4059_+,LC186961.1.1755 Eukaryota;Amorphea;Obazoa;Opisthokonta;Holozoa;Choanozoa;Metazoa;Animalia;BCP clade;Bilateria;Protostomia;Lophotrochozoa;Mollusca;Bivalvia;Protobranchia;Solemyoida;Acharax sp. AJO1-1,0.1599,POTENTIALLY NOVEL,MH017637.1.1587 Eukaryota;SAR;Stramenopiles;Ochrophyta;Diatomea;Bacillariophytina;Bacillariophyceae;Diploneis;Diploneis sp.,0.1583
contig_112477_4948_7522_-,AY382464.1.1451 Eukaryota;Amorphea;Obazoa;Opisthokonta;Nucletmycea;Fungi;Dikarya;Ascomycota;Pezizomycotina;Sordariomycetes;Incertae Sedis;uncultured fungus,0.1593,POTENTIALLY NOVEL,KP864096.1.1850 Eukaryota;Amorphea;Amoebozoa;Incertae Sedis;Dictyamoeba;Dictyamoeba vorax,0.1565
contig_114571_1_380_+,KJ925529.1.1677 Eukaryota;Cryptophyceae;Kathablepharidae;uncultured eukaryote,0.1648,POTENTIALLY NOVEL,MH899067.1.1633 Eukaryota;Amorphea;Obazoa;Opisthokonta;Holozoa;Choanozoa;Metazoa;Animalia;BCP clade;Bilateria;Protostomia;Ecdysozoa;Arthropoda;Hexapoda;Insecta;Pterygota;Neoptera;Tumeochrysa sp. Tumeo,0.1626
contig_114836_120_630_+,JPSE01001200.13.1835 Eukaryota;SAR;Alveolata;Apicomplexa;Aconoidasida;Haemosporoidia;Plasmodium;Plasmodium falciparum 365.1,0.2221,POTENTIALLY NOVEL,KU872604.1.1670 Eukaryota;Amorphea;Obazoa;Opisthokonta;Holozoa;Choanozoa;Metazoa;Animalia;BCP clade;Bilateria;Protostomia;Lophotrochozoa;Platyhelminthes;Rhabditophora;Seriata;Tricladida;Continenticola;Microplana sp. 2 MAP-2016,0.2202
contig_116665_144_2646_-,KJ925529.1.1677 Eukaryota;Cryptophyceae;Kathablepharidae;uncultured eukaryote,0.1617,POTENTIALLY NOVEL,KP864096.1.1850 Eukaryota;Amorphea;Amoebozoa;Incertae Sedis;Dictyamoeba;Dictyamoeba vorax,0.1581
contig_116668_7386_8797_+,AY382464.1.1451 Eukaryota;Amorphea;Obazoa;Opisthokonta;Nucletmycea;Fungi;Dikarya;Ascomycota;Pezizomycotina;Sordariomycetes;Incertae Sedis;uncultured fungus,0.1507,POTENTIALLY NOVEL,KP864096.1.1850 Eukaryota;Amorphea;Amoebozoa;Incertae Sedis;Dictyamoeba;Dictyamoeba vorax,0.1491
contig_116844_178_729_+,KU872604.1.1670 Eukaryota;Amorphea;Obazoa;Opisthokonta;Holozoa;Choanozoa;Metazoa;Animalia;BCP clade;Bilateria;Protostomia;Lophotrochozoa;Platyhelminthes;Rhabditophora;Seriata;Tricladida;Continenticola;Microplana sp. 2 MAP-2016,0.1839,POTENTIALLY NOVEL,AY325025.1.1932 Eukaryota;Amorphea;Obazoa;Opisthokonta;Holozoa;Choanozoa;Metazoa;Animalia;BCP clade;Bilateria;Protostomia;Ecdysozoa;Arthropoda;Hexapoda;Insecta;Pterygota;Neoptera;Diptera;Obelophorus landbecki,0.1809
contig_117293_1_1299_+,AF250064.1.1828 Eukaryota;Amorphea;Obazoa;Opisthokonta;Holozoa;Choanozoa;Metazoa;Animalia;BCP clade;Bilateria;Protostomia;Ecdysozoa;Arthropoda;Hexapoda;Insecta;Pterygota;Neoptera;Coleoptera;Attelabus analis,0.1693,POTENTIALLY NOVEL,KP864096.1.1850 Eukaryota;Amorphea;Amoebozoa;Incertae Sedis;Dictyamoeba;Dictyamoeba vorax,0.1681
contig_118071_204_548_-,KJ925529.1.1677 Eukaryota;Cryptophyceae;Kathablepharidae;uncultured eukaryote,0.1567,POTENTIALLY NOVEL,KP864096.1.1850 Eukaryota;Amorphea;Amoebozoa;Incertae Sedis;Dictyamoeba;Dictyamoeba vorax,0.1537
contig_118440_118_993_-,JN568810.1.1905 Eukaryota;Amorphea;Amoebozoa;Discosea;Flabellinia;Vannellida;Vannella;Vannella planctonica,0.1813,POTENTIALLY NOVEL,AY325025.1.1932 Eukaryota;Amorphea;Obazoa;Opisthokonta;Holozoa;Choanozoa;Metazoa;Animalia;BCP clade;Bilateria;Protostomia;Ecdysozoa;Arthropoda;Hexapoda;Insecta;Pterygota;Neoptera;Diptera;Obelophorus landbecki,0.1764
contig_118578_239_833_-,JN568810.1.1905 Eukaryota;Amorphea;Amoebozoa;Discosea;Flabellinia;Vannellida;Vannella;Vannella planctonica,0.1896,POTENTIALLY NOVEL,AY325025.1.1932 Eukaryota;Amorphea;Obazoa;Opisthokonta;Holozoa;Choanozoa;Metazoa;Animalia;BCP clade;Bilateria;Protostomia;Ecdysozoa;Arthropoda;Hexapoda;Insecta;Pterygota;Neoptera;Diptera;Obelophorus landbecki,0.185
contig_118621_1_869_+,KJ925529.1.1677 Eukaryota;Cryptophyceae;Kathablepharidae;uncultured eukaryote,0.1674,POTENTIALLY NOVEL,KP864096.1.1850 Eukaryota;Amorphea;Amoebozoa;Incertae Sedis;Dictyamoeba;Dictyamoeba vorax,0.1631
contig_118992_970_1755_-,JN568811.1.1738 Eukaryota;Amorphea;Amoebozoa;Discosea;Flabellinia;Dactylopodida;Korotnevella;Korotnevella pelagolacustris,0.1868,POTENTIALLY NOVEL,AY325025.1.1932 Eukaryota;Amorphea;Obazoa;Opisthokonta;Holozoa;Choanozoa;Metazoa;Animalia;BCP clade;Bilateria;Protostomia;Ecdysozoa;Arthropoda;Hexapoda;Insecta;Pterygota;Neoptera;Diptera;Obelophorus landbecki,0.1818
contig_119090_1_1039_+,KJ925529.1.1677 Eukaryota;Cryptophyceae;Kathablepharidae;uncultured eukaryote,0.1509,POTENTIALLY NOVEL,MH899067.1.1633 Eukaryota;Amorphea;Obazoa;Opisthokonta;Holozoa;Choanozoa;Metazoa;Animalia;BCP clade;Bilateria;Protostomia;Ecdysozoa;Arthropoda;Hexapoda;Insecta;Pterygota;Neoptera;Tumeochrysa sp. Tumeo,0.148
contig_119235_137_510_-,KJ925529.1.1677 Eukaryota;Cryptophyceae;Kathablepharidae;uncultured eukaryote,0.1512,POTENTIALLY NOVEL,KP864096.1.1850 Eukaryota;Amorphea;Amoebozoa;Incertae Sedis;Dictyamoeba;Dictyamoeba vorax,0.1475
contig_119291_132_761_-,KJ925529.1.1677 Eukaryota;Cryptophyceae;Kathablepharidae;uncultured eukaryote,0.159,POTENTIALLY NOVEL,MH899067.1.1633 Eukaryota;Amorphea;Obazoa;Opisthokonta;Holozoa;Choanozoa;Metazoa;Animalia;BCP clade;Bilateria;Protostomia;Ecdysozoa;Arthropoda;Hexapoda;Insecta;Pterygota;Neoptera;Tumeochrysa sp. Tumeo,0.1554
contig_120137_1_1081_+,AF250064.1.1828 Eukaryota;Amorphea;Obazoa;Opisthokonta;Holozoa;Choanozoa;Metazoa;Animalia;BCP clade;Bilateria;Protostomia;Ecdysozoa;Arthropoda;Hexapoda;Insecta;Pterygota;Neoptera;Coleoptera;Attelabus analis,0.1582,POTENTIALLY NOVEL,KP864096.1.1850 Eukaryota;Amorphea;Amoebozoa;Incertae Sedis;Dictyamoeba;Dictyamoeba vorax,0.1556
contig_120151_163_738_-,KJ925529.1.1677 Eukaryota;Cryptophyceae;Kathablepharidae;uncultured eukaryote,0.1714,POTENTIALLY NOVEL,AY325025.1.1932 Eukaryota;Amorphea;Obazoa;Opisthokonta;Holozoa;Choanozoa;Metazoa;Animalia;BCP clade;Bilateria;Protostomia;Ecdysozoa;Arthropoda;Hexapoda;Insecta;Pterygota;Neoptera;Diptera;Obelophorus landbecki,0.1688
contig_122518_59_847_-,KJ925529.1.1677 Eukaryota;Cryptophyceae;Kathablepharidae;uncultured eukaryote,0.1509,POTENTIALLY NOVEL,MH899067.1.1633 Eukaryota;Amorphea;Obazoa;Opisthokonta;Holozoa;Choanozoa;Metazoa;Animalia;BCP clade;Bilateria;Protostomia;Ecdysozoa;Arthropoda;Hexapoda;Insecta;Pterygota;Neoptera;Tumeochrysa sp. Tumeo,0.1473
contig_122518_991_1333_-,JPSE01001200.13.1835 Eukaryota;SAR;Alveolata;Apicomplexa;Aconoidasida;Haemosporoidia;Plasmodium;Plasmodium falciparum 365.1,0.2312,POTENTIALLY NOVEL,JPSE01001200.13.1835 Eukaryota;SAR;Alveolata;Apicomplexa;Aconoidasida;Haemosporoidia;Plasmodium;Plasmodium falciparum 365.1,0.2286
contig_124447_201_2583_+,LC186961.1.1755 Eukaryota;Amorphea;Obazoa;Opisthokonta;Holozoa;Choanozoa;Metazoa;Animalia;BCP clade;Bilateria;Protostomia;Lophotrochozoa;Mollusca;Bivalvia;Protobranchia;Solemyoida;Acharax sp. AJO1-1,0.153,POTENTIALLY NOVEL,MH017637.1.1587 Eukaryota;SAR;Stramenopiles;Ochrophyta;Diatomea;Bacillariophytina;Bacillariophyceae;Diploneis;Diploneis sp.,0.1507
contig_124503_55_1355_+,KJ925529.1.1677 Eukaryota;Cryptophyceae;Kathablepharidae;uncultured eukaryote,0.1513,POTENTIALLY NOVEL,MH899067.1.1633 Eukaryota;Amorphea;Obazoa;Opisthokonta;Holozoa;Choanozoa;Metazoa;Animalia;BCP clade;Bilateria;Protostomia;Ecdysozoa;Arthropoda;Hexapoda;Insecta;Pterygota;Neoptera;Tumeochrysa sp. Tumeo,0.1489
contig_124518_1_2022_+,KJ925529.1.1677 Eukaryota;Cryptophyceae;Kathablepharidae;uncultured eukaryote,0.15,POTENTIALLY NOVEL,KP864096.1.1850 Eukaryota;Amorphea;Amoebozoa;Incertae Sedis;Dictyamoeba;Dictyamoeba vorax,0.1483
contig_124518_2037_2668_+,KJ925529.1.1677 Eukaryota;Cryptophyceae;Kathablepharidae;uncultured eukaryote,0.1657,POTENTIALLY NOVEL,KP864096.1.1850 Eukaryota;Amorphea;Amoebozoa;Incertae Sedis;Dictyamoeba;Dictyamoeba vorax,0.163
contig_124671_143_1064_+,KU872604.1.1670 Eukaryota;Amorphea;Obazoa;Opisthokonta;Holozoa;Choanozoa;Metazoa;Animalia;BCP clade;Bilateria;Protostomia;Lophotrochozoa;Platyhelminthes;Rhabditophora;Seriata;Tricladida;Continenticola;Microplana sp. 2 MAP-2016,0.1794,POTENTIALLY NOVEL,KP864096.1.1850 Eukaryota;Amorphea;Amoebozoa;Incertae Sedis;Dictyamoeba;Dictyamoeba vorax,0.1771
contig_124692_1_622_-,KJ925529.1.1677 Eukaryota;Cryptophyceae;Kathablepharidae;uncultured eukaryote,0.1755,POTENTIALLY NOVEL,KP864096.1.1850 Eukaryota;Amorphea;Amoebozoa;Incertae Sedis;Dictyamoeba;Dictyamoeba vorax,0.1715
contig_124693_32_1024_+,KJ925529.1.1677 Eukaryota;Cryptophyceae;Kathablepharidae;uncultured eukaryote,0.1511,POTENTIALLY NOVEL,KP864096.1.1850 Eukaryota;Amorphea;Amoebozoa;Incertae Sedis;Dictyamoeba;Dictyamoeba vorax,0.1479
contig_125260_1_814_-,KU872604.1.1670 Eukaryota;Amorphea;Obazoa;Opisthokonta;Holozoa;Choanozoa;Metazoa;Animalia;BCP clade;Bilateria;Protostomia;Lophotrochozoa;Platyhelminthes;Rhabditophora;Seriata;Tricladida;Continenticola;Microplana sp. 2 MAP-2016,0.1698,POTENTIALLY NOVEL,AY325025.1.1932 Eukaryota;Amorphea;Obazoa;Opisthokonta;Holozoa;Choanozoa;Metazoa;Animalia;BCP clade;Bilateria;Protostomia;Ecdysozoa;Arthropoda;Hexapoda;Insecta;Pterygota;Neoptera;Diptera;Obelophorus landbecki,0.1672
contig_125366_1_775_+,KJ925529.1.1677 Eukaryota;Cryptophyceae;Kathablepharidae;uncultured eukaryote,0.1657,POTENTIALLY NOVEL,KP864096.1.1850 Eukaryota;Amorphea;Amoebozoa;Incertae Sedis;Dictyamoeba;Dictyamoeba vorax,0.1617
contig_125702_1_339_-,JPSE01001200.13.1835 Eukaryota;SAR;Alveolata;Apicomplexa;Aconoidasida;Haemosporoidia;Plasmodium;Plasmodium falciparum 365.1,0.2308,POTENTIALLY NOVEL,KU872604.1.1670 Eukaryota;Amorphea;Obazoa;Opisthokonta;Holozoa;Choanozoa;Metazoa;Animalia;BCP clade;Bilateria;Protostomia;Lophotrochozoa;Platyhelminthes;Rhabditophora;Seriata;Tricladida;Continenticola;Microplana sp. 2 MAP-2016,0.2291
contig_125703_137_955_-,KJ925529.1.1677 Eukaryota;Cryptophyceae;Kathablepharidae;uncultured eukaryote,0.1563,POTENTIALLY NOVEL,KP864096.1.1850 Eukaryota;Amorphea;Amoebozoa;Incertae Sedis;Dictyamoeba;Dictyamoeba vorax,0.1526
contig_13177_1_362_-,KU872604.1.1670 Eukaryota;Amorphea;Obazoa;Opisthokonta;Holozoa;Choanozoa;Metazoa;Animalia;BCP clade;Bilateria;Protostomia;Lophotrochozoa;Platyhelminthes;Rhabditophora;Seriata;Tricladida;Continenticola;Microplana sp. 2 MAP-2016,0.1798,POTENTIALLY NOVEL,KP864096.1.1850 Eukaryota;Amorphea;Amoebozoa;Incertae Sedis;Dictyamoeba;Dictyamoeba vorax,0.1769
contig_14580_148_988_-,KU872604.1.1670 Eukaryota;Amorphea;Obazoa;Opisthokonta;Holozoa;Choanozoa;Metazoa;Animalia;BCP clade;Bilateria;Protostomia;Lophotrochozoa;Platyhelminthes;Rhabditophora;Seriata;Tricladida;Continenticola;Microplana sp. 2 MAP-2016,0.1694,POTENTIALLY NOVEL,AY325025.1.1932 Eukaryota;Amorphea;Obazoa;Opisthokonta;Holozoa;Choanozoa;Metazoa;Animalia;BCP clade;Bilateria;Protostomia;Ecdysozoa;Arthropoda;Hexapoda;Insecta;Pterygota;Neoptera;Diptera;Obelophorus landbecki,0.165
contig_15864_1_1154_+,KJ925529.1.1677 Eukaryota;Cryptophyceae;Kathablepharidae;uncultured eukaryote,0.1631,POTENTIALLY NOVEL,KP864096.1.1850 Eukaryota;Amorphea;Amoebozoa;Incertae Sedis;Dictyamoeba;Dictyamoeba vorax,0.1586
contig_16231_231_737_-,KJ925529.1.1677 Eukaryota;Cryptophyceae;Kathablepharidae;uncultured eukaryote,0.1625,POTENTIALLY NOVEL,AY325025.1.1932 Eukaryota;Amorphea;Obazoa;Opisthokonta;Holozoa;Choanozoa;Metazoa;Animalia;BCP clade;Bilateria;Protostomia;Ecdysozoa;Arthropoda;Hexapoda;Insecta;Pterygota;Neoptera;Diptera;Obelophorus landbecki,0.1608
contig_17694_1992_2910_-,KJ925529.1.1677 Eukaryota;Cryptophyceae;Kathablepharidae;uncultured eukaryote,0.159,POTENTIALLY NOVEL,KP864096.1.1850 Eukaryota;Amorphea;Amoebozoa;Incertae Sedis;Dictyamoeba;Dictyamoeba vorax,0.1551
contig_18077_1_383_+,KJ925529.1.1677 Eukaryota;Cryptophyceae;Kathablepharidae;uncultured eukaryote,0.1585,POTENTIALLY NOVEL,KP864096.1.1850 Eukaryota;Amorphea;Amoebozoa;Incertae Sedis;Dictyamoeba;Dictyamoeba vorax,0.1558
contig_19099_455_1473_+,AY382464.1.1451 Eukaryota;Amorphea;Obazoa;Opisthokonta;Nucletmycea;Fungi;Dikarya;Ascomycota;Pezizomycotina;Sordariomycetes;Incertae Sedis;uncultured fungus,0.1502,POTENTIALLY NOVEL,KP864096.1.1850 Eukaryota;Amorphea;Amoebozoa;Incertae Sedis;Dictyamoeba;Dictyamoeba vorax,0.1472
contig_19170_18_951_+,JN568810.1.1905 Eukaryota;Amorphea;Amoebozoa;Discosea;Flabellinia;Vannellida;Vannella;Vannella planctonica,0.194,POTENTIALLY NOVEL,AY325025.1.1932 Eukaryota;Amorphea;Obazoa;Opisthokonta;Holozoa;Choanozoa;Metazoa;Animalia;BCP clade;Bilateria;Protostomia;Ecdysozoa;Arthropoda;Hexapoda;Insecta;Pterygota;Neoptera;Diptera;Obelophorus landbecki,0.1887
contig_21613_1_834_+,KJ925529.1.1677 Eukaryota;Cryptophyceae;Kathablepharidae;uncultured eukaryote,0.155,POTENTIALLY NOVEL,KP864096.1.1850 Eukaryota;Amorphea;Amoebozoa;Incertae Sedis;Dictyamoeba;Dictyamoeba vorax,0.1524
contig_24808_298_864_-,AF250064.1.1828 Eukaryota;Amorphea;Obazoa;Opisthokonta;Holozoa;Choanozoa;Metazoa;Animalia;BCP clade;Bilateria;Protostomia;Ecdysozoa;Arthropoda;Hexapoda;Insecta;Pterygota;Neoptera;Coleoptera;Attelabus analis,0.1516,POTENTIALLY NOVEL,MH017637.1.1587 Eukaryota;SAR;Stramenopiles;Ochrophyta;Diatomea;Bacillariophytina;Bacillariophyceae;Diploneis;Diploneis sp.,0.1505
contig_2682_1_273_+,KJ925529.1.1677 Eukaryota;Cryptophyceae;Kathablepharidae;uncultured eukaryote,0.1561,POTENTIALLY NOVEL,MH899067.1.1633 Eukaryota;Amorphea;Obazoa;Opisthokonta;Holozoa;Choanozoa;Metazoa;Animalia;BCP clade;Bilateria;Protostomia;Ecdysozoa;Arthropoda;Hexapoda;Insecta;Pterygota;Neoptera;Tumeochrysa sp. Tumeo,0.1542
contig_31424_30_701_+,KJ925529.1.1677 Eukaryota;Cryptophyceae;Kathablepharidae;uncultured eukaryote,0.1506,POTENTIALLY NOVEL,KP864096.1.1850 Eukaryota;Amorphea;Amoebozoa;Incertae Sedis;Dictyamoeba;Dictyamoeba vorax,0.1483
contig_33532_224_907_-,KJ925529.1.1677 Eukaryota;Cryptophyceae;Kathablepharidae;uncultured eukaryote,0.1672,POTENTIALLY NOVEL,KP864096.1.1850 Eukaryota;Amorphea;Amoebozoa;Incertae Sedis;Dictyamoeba;Dictyamoeba vorax,0.1626
contig_33532_988_1974_-,AY382464.1.1451 Eukaryota;Amorphea;Obazoa;Opisthokonta;Nucletmycea;Fungi;Dikarya;Ascomycota;Pezizomycotina;Sordariomycetes;Incertae Sedis;uncultured fungus,0.1561,POTENTIALLY NOVEL,KP864096.1.1850 Eukaryota;Amorphea;Amoebozoa;Incertae Sedis;Dictyamoeba;Dictyamoeba vorax,0.1535
contig_33551_264_776_-,KJ925529.1.1677 Eukaryota;Cryptophyceae;Kathablepharidae;uncultured eukaryote,0.1582,POTENTIALLY NOVEL,KP864096.1.1850 Eukaryota;Amorphea;Amoebozoa;Incertae Sedis;Dictyamoeba;Dictyamoeba vorax,0.1554
contig_33573_1_1581_-,JPSE01001200.13.1835 Eukaryota;SAR;Alveolata;Apicomplexa;Aconoidasida;Haemosporoidia;Plasmodium;Plasmodium falciparum 365.1,0.2643,POTENTIALLY NOVEL,JPSE01001200.13.1835 Eukaryota;SAR;Alveolata;Apicomplexa;Aconoidasida;Haemosporoidia;Plasmodium;Plasmodium falciparum 365.1,0.2584
contig_3456_1046_3030_+,KJ925529.1.1677 Eukaryota;Cryptophyceae;Kathablepharidae;uncultured eukaryote,0.1655,POTENTIALLY NOVEL,KP864096.1.1850 Eukaryota;Amorphea;Amoebozoa;Incertae Sedis;Dictyamoeba;Dictyamoeba vorax,0.1606
contig_3456_1_1031_+,KJ925529.1.1677 Eukaryota;Cryptophyceae;Kathablepharidae;uncultured eukaryote,0.1665,POTENTIALLY NOVEL,KP864096.1.1850 Eukaryota;Amorphea;Amoebozoa;Incertae Sedis;Dictyamoeba;Dictyamoeba vorax,0.1615
contig_3612_141_653_-,KJ925529.1.1677 Eukaryota;Cryptophyceae;Kathablepharidae;uncultured eukaryote,0.1541,POTENTIALLY NOVEL,KP864096.1.1850 Eukaryota;Amorphea;Amoebozoa;Incertae Sedis;Dictyamoeba;Dictyamoeba vorax,0.1507
contig_36235_1_502_+,KJ925529.1.1677 Eukaryota;Cryptophyceae;Kathablepharidae;uncultured eukaryote,0.1709,POTENTIALLY NOVEL,AY325025.1.1932 Eukaryota;Amorphea;Obazoa;Opisthokonta;Holozoa;Choanozoa;Metazoa;Animalia;BCP clade;Bilateria;Protostomia;Ecdysozoa;Arthropoda;Hexapoda;Insecta;Pterygota;Neoptera;Diptera;Obelophorus landbecki,0.169
contig_36556_1_322_-,JN568810.1.1905 Eukaryota;Amorphea;Amoebozoa;Discosea;Flabellinia;Vannellida;Vannella;Vannella planctonica,0.204,POTENTIALLY NOVEL,AY325025.1.1932 Eukaryota;Amorphea;Obazoa;Opisthokonta;Holozoa;Choanozoa;Metazoa;Animalia;BCP clade;Bilateria;Protostomia;Ecdysozoa;Arthropoda;Hexapoda;Insecta;Pterygota;Neoptera;Diptera;Obelophorus landbecki,0.2
contig_39889_266_967_-,KJ925529.1.1677 Eukaryota;Cryptophyceae;Kathablepharidae;uncultured eukaryote,0.1658,POTENTIALLY NOVEL,MH899067.1.1633 Eukaryota;Amorphea;Obazoa;Opisthokonta;Holozoa;Choanozoa;Metazoa;Animalia;BCP clade;Bilateria;Protostomia;Ecdysozoa;Arthropoda;Hexapoda;Insecta;Pterygota;Neoptera;Tumeochrysa sp. Tumeo,0.163
contig_39921_3972_4541_-,AF250064.1.1828 Eukaryota;Amorphea;Obazoa;Opisthokonta;Holozoa;Choanozoa;Metazoa;Animalia;BCP clade;Bilateria;Protostomia;Ecdysozoa;Arthropoda;Hexapoda;Insecta;Pterygota;Neoptera;Coleoptera;Attelabus analis,0.1633,POTENTIALLY NOVEL,KP864096.1.1850 Eukaryota;Amorphea;Amoebozoa;Incertae Sedis;Dictyamoeba;Dictyamoeba vorax,0.1609
contig_40096_1_1389_-,KJ925529.1.1677 Eukaryota;Cryptophyceae;Kathablepharidae;uncultured eukaryote,0.1573,POTENTIALLY NOVEL,KP864096.1.1850 Eukaryota;Amorphea;Amoebozoa;Incertae Sedis;Dictyamoeba;Dictyamoeba vorax,0.1545
contig_40389_1_2964_+,AF250064.1.1828 Eukaryota;Amorphea;Obazoa;Opisthokonta;Holozoa;Choanozoa;Metazoa;Animalia;BCP clade;Bilateria;Protostomia;Ecdysozoa;Arthropoda;Hexapoda;Insecta;Pterygota;Neoptera;Coleoptera;Attelabus analis,0.1596,POTENTIALLY NOVEL,KP864096.1.1850 Eukaryota;Amorphea;Amoebozoa;Incertae Sedis;Dictyamoeba;Dictyamoeba vorax,0.1587
contig_41713_1_720_+,KJ925529.1.1677 Eukaryota;Cryptophyceae;Kathablepharidae;uncultured eukaryote,0.1646,POTENTIALLY NOVEL,AY325025.1.1932 Eukaryota;Amorphea;Obazoa;Opisthokonta;Holozoa;Choanozoa;Metazoa;Animalia;BCP clade;Bilateria;Protostomia;Ecdysozoa;Arthropoda;Hexapoda;Insecta;Pterygota;Neoptera;Diptera;Obelophorus landbecki,0.1627
contig_42278_127_465_+,KJ925529.1.1677 Eukaryota;Cryptophyceae;Kathablepharidae;uncultured eukaryote,0.157,POTENTIALLY NOVEL,KP864096.1.1850 Eukaryota;Amorphea;Amoebozoa;Incertae Sedis;Dictyamoeba;Dictyamoeba vorax,0.1536
contig_43453_249_1013_-,KJ925529.1.1677 Eukaryota;Cryptophyceae;Kathablepharidae;uncultured eukaryote,0.1563,POTENTIALLY NOVEL,KP864096.1.1850 Eukaryota;Amorphea;Amoebozoa;Incertae Sedis;Dictyamoeba;Dictyamoeba vorax,0.1536
contig_45934_1_1582_+,KJ925529.1.1677 Eukaryota;Cryptophyceae;Kathablepharidae;uncultured eukaryote,0.1615,POTENTIALLY NOVEL,KP864096.1.1850 Eukaryota;Amorphea;Amoebozoa;Incertae Sedis;Dictyamoeba;Dictyamoeba vorax,0.1581
contig_46287_389_1797_-,AY382464.1.1451 Eukaryota;Amorphea;Obazoa;Opisthokonta;Nucletmycea;Fungi;Dikarya;Ascomycota;Pezizomycotina;Sordariomycetes;Incertae Sedis;uncultured fungus,0.1518,POTENTIALLY NOVEL,KP864096.1.1850 Eukaryota;Amorphea;Amoebozoa;Incertae Sedis;Dictyamoeba;Dictyamoeba vorax,0.1501
contig_4712_1_474_+,JPSE01001200.13.1835 Eukaryota;SAR;Alveolata;Apicomplexa;Aconoidasida;Haemosporoidia;Plasmodium;Plasmodium falciparum 365.1,0.183,POTENTIALLY NOVEL,AY325025.1.1932 Eukaryota;Amorphea;Obazoa;Opisthokonta;Holozoa;Choanozoa;Metazoa;Animalia;BCP clade;Bilateria;Protostomia;Ecdysozoa;Arthropoda;Hexapoda;Insecta;Pterygota;Neoptera;Diptera;Obelophorus landbecki,0.179
contig_47530_143_688_-,AF250064.1.1828 Eukaryota;Amorphea;Obazoa;Opisthokonta;Holozoa;Choanozoa;Metazoa;Animalia;BCP clade;Bilateria;Protostomia;Ecdysozoa;Arthropoda;Hexapoda;Insecta;Pterygota;Neoptera;Coleoptera;Attelabus analis,0.1545,POTENTIALLY NOVEL,KP864096.1.1850 Eukaryota;Amorphea;Amoebozoa;Incertae Sedis;Dictyamoeba;Dictyamoeba vorax,0.1533
contig_48150_419_988_-,JPSE01001200.13.1835 Eukaryota;SAR;Alveolata;Apicomplexa;Aconoidasida;Haemosporoidia;Plasmodium;Plasmodium falciparum 365.1,0.2356,POTENTIALLY NOVEL,AY325025.1.1932 Eukaryota;Amorphea;Obazoa;Opisthokonta;Holozoa;Choanozoa;Metazoa;Animalia;BCP clade;Bilateria;Protostomia;Ecdysozoa;Arthropoda;Hexapoda;Insecta;Pterygota;Neoptera;Diptera;Obelophorus landbecki,0.2319
contig_51881_182_663_-,JN568810.1.1905 Eukaryota;Amorphea;Amoebozoa;Discosea;Flabellinia;Vannellida;Vannella;Vannella planctonica,0.1736,POTENTIALLY NOVEL,AY325025.1.1932 Eukaryota;Amorphea;Obazoa;Opisthokonta;Holozoa;Choanozoa;Metazoa;Animalia;BCP clade;Bilateria;Protostomia;Ecdysozoa;Arthropoda;Hexapoda;Insecta;Pterygota;Neoptera;Diptera;Obelophorus landbecki,0.1693
contig_52211_133_850_-,KJ925529.1.1677 Eukaryota;Cryptophyceae;Kathablepharidae;uncultured eukaryote,0.1613,POTENTIALLY NOVEL,MH899067.1.1633 Eukaryota;Amorphea;Obazoa;Opisthokonta;Holozoa;Choanozoa;Metazoa;Animalia;BCP clade;Bilateria;Protostomia;Ecdysozoa;Arthropoda;Hexapoda;Insecta;Pterygota;Neoptera;Tumeochrysa sp. Tumeo,0.1583
contig_53487_123_688_+,KJ925529.1.1677 Eukaryota;Cryptophyceae;Kathablepharidae;uncultured eukaryote,0.1549,POTENTIALLY NOVEL,KP864096.1.1850 Eukaryota;Amorphea;Amoebozoa;Incertae Sedis;Dictyamoeba;Dictyamoeba vorax,0.1535
contig_63163_218_411_+,JN568810.1.1905 Eukaryota;Amorphea;Amoebozoa;Discosea;Flabellinia;Vannellida;Vannella;Vannella planctonica,0.167,POTENTIALLY NOVEL,AY325025.1.1932 Eukaryota;Amorphea;Obazoa;Opisthokonta;Holozoa;Choanozoa;Metazoa;Animalia;BCP clade;Bilateria;Protostomia;Ecdysozoa;Arthropoda;Hexapoda;Insecta;Pterygota;Neoptera;Diptera;Obelophorus landbecki,0.163
contig_64685_1_478_-,KJ925529.1.1677 Eukaryota;Cryptophyceae;Kathablepharidae;uncultured eukaryote,0.1568,POTENTIALLY NOVEL,MH899067.1.1633 Eukaryota;Amorphea;Obazoa;Opisthokonta;Holozoa;Choanozoa;Metazoa;Animalia;BCP clade;Bilateria;Protostomia;Ecdysozoa;Arthropoda;Hexapoda;Insecta;Pterygota;Neoptera;Tumeochrysa sp. Tumeo,0.1548
contig_67844_1929_3011_-,KJ925529.1.1677 Eukaryota;Cryptophyceae;Kathablepharidae;uncultured eukaryote,0.1571,POTENTIALLY NOVEL,KP864096.1.1850 Eukaryota;Amorphea;Amoebozoa;Incertae Sedis;Dictyamoeba;Dictyamoeba vorax,0.1546
contig_68297_1_1843_+,KJ925529.1.1677 Eukaryota;Cryptophyceae;Kathablepharidae;uncultured eukaryote,0.1619,POTENTIALLY NOVEL,MH899067.1.1633 Eukaryota;Amorphea;Obazoa;Opisthokonta;Holozoa;Choanozoa;Metazoa;Animalia;BCP clade;Bilateria;Protostomia;Ecdysozoa;Arthropoda;Hexapoda;Insecta;Pterygota;Neoptera;Tumeochrysa sp. Tumeo,0.1587
contig_68328_897_2003_-,KJ925529.1.1677 Eukaryota;Cryptophyceae;Kathablepharidae;uncultured eukaryote,0.157,POTENTIALLY NOVEL,KP864096.1.1850 Eukaryota;Amorphea;Amoebozoa;Incertae Sedis;Dictyamoeba;Dictyamoeba vorax,0.1514
contig_71059_288_781_-,KJ925529.1.1677 Eukaryota;Cryptophyceae;Kathablepharidae;uncultured eukaryote,0.1677,POTENTIALLY NOVEL,KP864096.1.1850 Eukaryota;Amorphea;Amoebozoa;Incertae Sedis;Dictyamoeba;Dictyamoeba vorax,0.1643
contig_72714_49_732_+,JN568810.1.1905 Eukaryota;Amorphea;Amoebozoa;Discosea;Flabellinia;Vannellida;Vannella;Vannella planctonica,0.1744,POTENTIALLY NOVEL,AY325025.1.1932 Eukaryota;Amorphea;Obazoa;Opisthokonta;Holozoa;Choanozoa;Metazoa;Animalia;BCP clade;Bilateria;Protostomia;Ecdysozoa;Arthropoda;Hexapoda;Insecta;Pterygota;Neoptera;Diptera;Obelophorus landbecki,0.1694
contig_73486_581_908_-,KJ925529.1.1677 Eukaryota;Cryptophyceae;Kathablepharidae;uncultured eukaryote,0.1501,POTENTIALLY NOVEL,KP864096.1.1850 Eukaryota;Amorphea;Amoebozoa;Incertae Sedis;Dictyamoeba;Dictyamoeba vorax,0.1476
contig_74515_229_1029_+,LC186961.1.1755 Eukaryota;Amorphea;Obazoa;Opisthokonta;Holozoa;Choanozoa;Metazoa;Animalia;BCP clade;Bilateria;Protostomia;Lophotrochozoa;Mollusca;Bivalvia;Protobranchia;Solemyoida;Acharax sp. AJO1-1,0.1513,POTENTIALLY NOVEL,MH017637.1.1587 Eukaryota;SAR;Stramenopiles;Ochrophyta;Diatomea;Bacillariophytina;Bacillariophyceae;Diploneis;Diploneis sp.,0.1506
contig_74850_1_1027_+,AF250064.1.1828 Eukaryota;Amorphea;Obazoa;Opisthokonta;Holozoa;Choanozoa;Metazoa;Animalia;BCP clade;Bilateria;Protostomia;Ecdysozoa;Arthropoda;Hexapoda;Insecta;Pterygota;Neoptera;Coleoptera;Attelabus analis,0.16,POTENTIALLY NOVEL,KP864096.1.1850 Eukaryota;Amorphea;Amoebozoa;Incertae Sedis;Dictyamoeba;Dictyamoeba vorax,0.1591
contig_7492_95_501_-,KJ925529.1.1677 Eukaryota;Cryptophyceae;Kathablepharidae;uncultured eukaryote,0.1634,POTENTIALLY NOVEL,KP864096.1.1850 Eukaryota;Amorphea;Amoebozoa;Incertae Sedis;Dictyamoeba;Dictyamoeba vorax,0.16
contig_77300_64_1169_+,AF250064.1.1828 Eukaryota;Amorphea;Obazoa;Opisthokonta;Holozoa;Choanozoa;Metazoa;Animalia;BCP clade;Bilateria;Protostomia;Ecdysozoa;Arthropoda;Hexapoda;Insecta;Pterygota;Neoptera;Coleoptera;Attelabus analis,0.1581,POTENTIALLY NOVEL,MH017637.1.1587 Eukaryota;SAR;Stramenopiles;Ochrophyta;Diatomea;Bacillariophytina;Bacillariophyceae;Diploneis;Diploneis sp.,0.157
contig_77308_1_882_+,JPSE01001200.13.1835 Eukaryota;SAR;Alveolata;Apicomplexa;Aconoidasida;Haemosporoidia;Plasmodium;Plasmodium falciparum 365.1,0.2819,POTENTIALLY NOVEL,AJ404301.1.2190 Eukaryota;SAR;Rhizaria;Retaria;Foraminifera;Tubothalamea;Miliolida;Androsina;Androsina lucasi,0.2785
contig_79872_1_1309_+,KJ925529.1.1677 Eukaryota;Cryptophyceae;Kathablepharidae;uncultured eukaryote,0.1542,POTENTIALLY NOVEL,KP864096.1.1850 Eukaryota;Amorphea;Amoebozoa;Incertae Sedis;Dictyamoeba;Dictyamoeba vorax,0.1495
contig_80118_271_807_-,KJ925529.1.1677 Eukaryota;Cryptophyceae;Kathablepharidae;uncultured eukaryote,0.1689,POTENTIALLY NOVEL,AY325025.1.1932 Eukaryota;Amorphea;Obazoa;Opisthokonta;Holozoa;Choanozoa;Metazoa;Animalia;BCP clade;Bilateria;Protostomia;Ecdysozoa;Arthropoda;Hexapoda;Insecta;Pterygota;Neoptera;Diptera;Obelophorus landbecki,0.1657
contig_80192_1_1016_-,KU872604.1.1670 Eukaryota;Amorphea;Obazoa;Opisthokonta;Holozoa;Choanozoa;Metazoa;Animalia;BCP clade;Bilateria;Protostomia;Lophotrochozoa;Platyhelminthes;Rhabditophora;Seriata;Tricladida;Continenticola;Microplana sp. 2 MAP-2016,0.1698,POTENTIALLY NOVEL,AY325025.1.1932 Eukaryota;Amorphea;Obazoa;Opisthokonta;Holozoa;Choanozoa;Metazoa;Animalia;BCP clade;Bilateria;Protostomia;Ecdysozoa;Arthropoda;Hexapoda;Insecta;Pterygota;Neoptera;Diptera;Obelophorus landbecki,0.1651
contig_80200_227_843_-,JN568810.1.1905 Eukaryota;Amorphea;Amoebozoa;Discosea;Flabellinia;Vannellida;Vannella;Vannella planctonica,0.1762,POTENTIALLY NOVEL,AY325025.1.1932 Eukaryota;Amorphea;Obazoa;Opisthokonta;Holozoa;Choanozoa;Metazoa;Animalia;BCP clade;Bilateria;Protostomia;Ecdysozoa;Arthropoda;Hexapoda;Insecta;Pterygota;Neoptera;Diptera;Obelophorus landbecki,0.1712
contig_80251_454_850_+,JPSE01001200.13.1835 Eukaryota;SAR;Alveolata;Apicomplexa;Aconoidasida;Haemosporoidia;Plasmodium;Plasmodium falciparum 365.1,0.2609,POTENTIALLY NOVEL,JPSE01001200.13.1835 Eukaryota;SAR;Alveolata;Apicomplexa;Aconoidasida;Haemosporoidia;Plasmodium;Plasmodium falciparum 365.1,0.254
contig_80734_1_463_+,AJ404301.1.2190 Eukaryota;SAR;Rhizaria;Retaria;Foraminifera;Tubothalamea;Miliolida;Androsina;Androsina lucasi,0.3075,POTENTIALLY NOVEL,AJ404301.1.2190 Eukaryota;SAR;Rhizaria;Retaria;Foraminifera;Tubothalamea;Miliolida;Androsina;Androsina lucasi,0.304
contig_81582_1_536_-,AF250064.1.1828 Eukaryota;Amorphea;Obazoa;Opisthokonta;Holozoa;Choanozoa;Metazoa;Animalia;BCP clade;Bilateria;Protostomia;Ecdysozoa;Arthropoda;Hexapoda;Insecta;Pterygota;Neoptera;Coleoptera;Attelabus analis,0.1569,POTENTIALLY NOVEL,KP864096.1.1850 Eukaryota;Amorphea;Amoebozoa;Incertae Sedis;Dictyamoeba;Dictyamoeba vorax,0.1558
contig_84592_130_702_-,JPSE01001200.13.1835 Eukaryota;SAR;Alveolata;Apicomplexa;Aconoidasida;Haemosporoidia;Plasmodium;Plasmodium falciparum 365.1,0.2221,POTENTIALLY NOVEL,AY325025.1.1932 Eukaryota;Amorphea;Obazoa;Opisthokonta;Holozoa;Choanozoa;Metazoa;Animalia;BCP clade;Bilateria;Protostomia;Ecdysozoa;Arthropoda;Hexapoda;Insecta;Pterygota;Neoptera;Diptera;Obelophorus landbecki,0.2195
contig_87295_41_448_+,KJ925529.1.1677 Eukaryota;Cryptophyceae;Kathablepharidae;uncultured eukaryote,0.1501,POTENTIALLY NOVEL,KP864096.1.1850 Eukaryota;Amorphea;Amoebozoa;Incertae Sedis;Dictyamoeba;Dictyamoeba vorax,0.1474
contig_88209_1_887_+,KJ925529.1.1677 Eukaryota;Cryptophyceae;Kathablepharidae;uncultured eukaryote,0.1657,POTENTIALLY NOVEL,KP864096.1.1850 Eukaryota;Amorphea;Amoebozoa;Incertae Sedis;Dictyamoeba;Dictyamoeba vorax,0.1639
contig_93393_504_1690_-,LC186961.1.1755 Eukaryota;Amorphea;Obazoa;Opisthokonta;Holozoa;Choanozoa;Metazoa;Animalia;BCP clade;Bilateria;Protostomia;Lophotrochozoa;Mollusca;Bivalvia;Protobranchia;Solemyoida;Acharax sp. AJO1-1,0.1541,POTENTIALLY NOVEL,MH017637.1.1587 Eukaryota;SAR;Stramenopiles;Ochrophyta;Diatomea;Bacillariophytina;Bacillariophyceae;Diploneis;Diploneis sp.,0.1529
contig_93964_1_656_+,KJ925529.1.1677 Eukaryota;Cryptophyceae;Kathablepharidae;uncultured eukaryote,0.156,POTENTIALLY NOVEL,KP864096.1.1850 Eukaryota;Amorphea;Amoebozoa;Incertae Sedis;Dictyamoeba;Dictyamoeba vorax,0.1523
contig_9510_174_429_-,KJ925529.1.1677 Eukaryota;Cryptophyceae;Kathablepharidae;uncultured eukaryote,0.161,POTENTIALLY NOVEL,KP864096.1.1850 Eukaryota;Amorphea;Amoebozoa;Incertae Sedis;Dictyamoeba;Dictyamoeba vorax,0.1567
contig_98032_137_448_-,AF250064.1.1828 Eukaryota;Amorphea;Obazoa;Opisthokonta;Holozoa;Choanozoa;Metazoa;Animalia;BCP clade;Bilateria;Protostomia;Ecdysozoa;Arthropoda;Hexapoda;Insecta;Pterygota;Neoptera;Coleoptera;Attelabus analis,0.1583,POTENTIALLY NOVEL,KP864096.1.1850 Eukaryota;Amorphea;Amoebozoa;Incertae Sedis;Dictyamoeba;Dictyamoeba vorax,0.1577
contig_98746_9_961_-,KJ925529.1.1677 Eukaryota;Cryptophyceae;Kathablepharidae;uncultured eukaryote,0.1636,POTENTIALLY NOVEL,KP864096.1.1850 Eukaryota;Amorphea;Amoebozoa;Incertae Sedis;Dictyamoeba;Dictyamoeba vorax,0.1599
